GEO_ID,NAME,DP03_0032E,DP03_0033E,DP03_0034E,DP03_0035E,DP03_0036E,DP03_0037E,DP03_0038E,DP03_0039E,DP03_0040E,DP03_0041E,DP03_0042E,DP03_0043E,DP03_0044E,DP03_0045E
id,Geographic Area Name,Estimate!!INDUSTRY!!Civilian employed population 16 years and over,"Estimate!!INDUSTRY!!Agriculture, forestry, fishing and hunting, and mining",Estimate!!INDUSTRY!!Construction,Estimate!!INDUSTRY!!Manufacturing,Estimate!!INDUSTRY!!Wholesale trade,Estimate!!INDUSTRY!!Retail trade,"Estimate!!INDUSTRY!!Transportation and warehousing, and utilities",Estimate!!INDUSTRY!!Information,"Estimate!!INDUSTRY!!Finance and insurance, and real estate and rental and leasing","Estimate!!INDUSTRY!!Professional, scientific, and management, and administrative and waste management services","Estimate!!INDUSTRY!!Educational services, and health care and social assistance","Estimate!!INDUSTRY!!Arts, entertainment, and recreation, and accommodation and food services","Estimate!!INDUSTRY!!Other services, except public administration",Estimate!!INDUSTRY!!Public administration
0500000US39151,"Stark County, Ohio",168075,1111,9589,26573,4697,18901,8716,3380,10095,13172,41581,17562,8054,4644
0500000US39153,"Summit County, Ohio",249952,810,11149,36528,8520,30411,11143,4102,19316,23560,61816,21761,12523,8313
0500000US39155,"Trumbull County, Ohio",86807,672,4580,15647,1634,11219,4845,1649,3874,6789,20045,8650,4006,3197
0500000US39157,"Tuscarawas County, Ohio",40524,613,1846,10403,702,5025,2021,364,1424,2460,8822,3847,2028,969
0500000US39165,"Warren County, Ohio",101692,237,4601,19719,3418,13284,2754,1806,6955,11866,22346,6920,3959,3827
0500000US39169,"Wayne County, Ohio",53009,1911,3212,11152,1064,7080,3077,626,2548,3136,12248,3618,2512,825
0500000US39173,"Wood County, Ohio",57825,293,2407,9656,1550,7081,2785,1162,2146,4161,17059,4550,3043,1932
0500000US40017,"Canadian County, Oklahoma",56088,1994,3128,3903,3096,6314,2225,1080,4021,4951,12844,5259,2342,4931
0500000US40027,"Cleveland County, Oklahoma",122363,2429,7759,7817,1886,14464,4654,2339,7628,10028,32341,11460,7410,12148
0500000US40031,"Comanche County, Oklahoma",47730,1280,3225,4408,445,5893,2043,691,2568,3639,10829,6132,1657,4920
0500000US40037,"Creek County, Oklahoma",30677,943,2970,4180,995,3543,2639,906,1147,1889,6356,1990,2014,1105
0500000US40101,"Muskogee County, Oklahoma",28040,168,1241,4387,676,2391,1671,624,1319,778,7411,3149,1853,2372
0500000US40109,"Oklahoma County, Oklahoma",336125,7049,24860,22160,10208,39822,16970,8872,25148,31191,73548,34035,18490,23772
0500000US40119,"Payne County, Oklahoma",38623,1146,2231,2797,1117,4631,1222,407,1597,1602,15155,3076,2663,979
0500000US40125,"Pottawatomie County, Oklahoma",30803,744,2647,3046,425,2578,1577,202,1397,2373,6994,3895,1858,3067
0500000US40131,"Rogers County, Oklahoma",41219,572,2767,7403,1762,4200,3577,1020,1814,3801,8335,2418,2330,1220
0500000US40143,"Tulsa County, Oklahoma",284180,3961,18892,32579,9395,32504,14437,9696,19728,29988,61899,28613,13866,8622
0500000US40145,"Wagoner County, Oklahoma",35446,594,2833,4196,1054,4358,1984,955,2560,3010,7659,3153,1631,1459
0500000US41003,"Benton County, Oregon",40325,1547,1287,2574,433,5815,1096,231,1504,4593,14875,3329,1256,1785
0500000US41005,"Clackamas County, Oregon",174392,3991,13533,20711,7586,21493,9137,2559,14675,18850,33954,12856,8761,6286
0500000US41017,"Deschutes County, Oregon",66715,851,5085,3873,1027,7310,2876,1295,4405,9547,14125,8908,4401,3012
0500000US41019,"Douglas County, Oregon",38593,2079,2433,3755,1397,5094,1691,385,943,2254,8862,4992,1884,2824
0500000US41029,"Jackson County, Oregon",84959,2825,4347,6370,1657,12897,3752,2477,5521,6909,20201,9237,4891,3875
0500000US41033,"Josephine County, Oregon",30625,1247,1957,2022,516,3937,1768,806,2055,1419,6857,2823,2986,2232
0500000US41035,"Klamath County, Oregon",27138,2363,1804,1933,248,4222,1678,425,697,2264,6178,2372,1319,1635
0500000US41039,"Lane County, Oregon",155311,3127,9152,14376,6423,16722,5242,2334,8969,14626,44941,14497,9053,5849
0500000US41043,"Linn County, Oregon",46951,3044,3195,6749,1294,7485,1246,345,2646,3173,10480,2525,2461,2308
0500000US41047,"Marion County, Oregon",130889,8957,6307,14318,4264,15032,5263,1542,6568,10214,29999,9154,5973,13298
0500000US41051,"Multnomah County, Oregon",359931,3409,16354,36153,10562,38940,16742,10247,22367,44331,89307,39111,18791,13617
0500000US41053,"Polk County, Oregon",31589,1538,1144,1728,621,3460,912,1037,1326,2465,8912,2458,1805,4183
0500000US41059,"Umatilla County, Oregon",31498,3409,972,3271,681,5021,1796,617,567,1962,5994,3697,1148,2363
0500000US41067,"Washington County, Oregon",255515,4060,12792,42361,8099,30273,8776,4955,21608,30207,51314,19217,12665,9188
0500000US41071,"Yamhill County, Oregon",43739,2207,2162,6092,1204,4932,1756,1267,1643,3427,9668,4865,2600,1916
0500000US42001,"Adams County, Pennsylvania",52368,1649,5076,8767,1145,5067,3403,914,2210,3475,11161,4687,1637,3177
0500000US42003,"Allegheny County, Pennsylvania",589876,2044,29394,45760,16253,66817,27863,13125,51590,64534,170789,55039,27198,19470
0500000US42005,"Armstrong County, Pennsylvania",31764,1247,2347,4657,695,3524,2529,507,988,2085,8345,2067,1677,1096
0500000US42007,"Beaver County, Pennsylvania",77709,345,4953,8502,2116,10053,7188,794,5057,7255,18884,6417,4123,2022
0500000US42011,"Berks County, Pennsylvania",193364,3283,10555,32843,6246,21699,9077,3462,10613,16398,49407,14904,10856,4021
0500000US42013,"Blair County, Pennsylvania",58564,902,4395,8144,2048,8902,3541,993,2109,3361,14575,4844,2737,2013
0500000US42017,"Bucks County, Pennsylvania",318956,825,20568,38083,10065,43713,12667,6685,22448,37907,76720,25541,13820,9914
0500000US42019,"Butler County, Pennsylvania",88193,1026,5649,11914,4282,12458,5195,1373,4719,8778,19203,8046,2607,2943
0500000US42021,"Cambria County, Pennsylvania",62467,1296,4075,6509,1875,7739,3668,956,2766,4512,16212,5094,3523,4242
0500000US42025,"Carbon County, Pennsylvania",27665,155,2158,4374,520,3528,2458,466,695,2074,5998,2669,989,1581
0500000US42027,"Centre County, Pennsylvania",73162,1256,3310,6465,774,8400,2088,774,3896,4476,29332,7405,3218,1768
0500000US42029,"Chester County, Pennsylvania",252993,6745,12814,33512,7384,28157,8482,4615,24447,36113,57072,17876,10254,5522
0500000US42033,"Clearfield County, Pennsylvania",33430,1570,2510,3529,775,4126,2626,274,1233,1873,9132,1981,2308,1493
0500000US42037,"Columbia County, Pennsylvania",30787,501,1542,5770,825,2915,1467,356,1539,1712,9415,1987,1566,1192
0500000US42039,"Crawford County, Pennsylvania",37687,1392,2382,7199,761,4348,1770,546,1190,1847,9355,3164,2141,1592
0500000US42041,"Cumberland County, Pennsylvania",119635,1251,6568,9523,4274,15038,6520,1295,9874,11701,27464,9050,5448,11629
0500000US42043,"Dauphin County, Pennsylvania",129444,948,7709,11410,4473,13709,8141,1500,10587,12614,30134,11069,4318,12832
0500000US42045,"Delaware County, Pennsylvania",265831,932,14480,22333,5459,26050,13653,6174,22735,29857,80923,21599,13044,8592
0500000US42049,"Erie County, Pennsylvania",125071,879,5572,23546,2529,13718,4958,1374,5555,7728,35734,12285,6002,5191
0500000US42051,"Fayette County, Pennsylvania",52157,1242,2954,4997,1952,7535,3105,1271,2109,3251,13060,6041,2351,2289
0500000US42055,"Franklin County, Pennsylvania",68976,2286,4639,10932,1730,8304,2816,1037,3130,4317,15550,5894,4002,4339
0500000US42063,"Indiana County, Pennsylvania",38219,1887,2895,3856,1170,4001,2273,348,2090,1418,10986,3386,2675,1234
0500000US42069,"Lackawanna County, Pennsylvania",96839,396,4485,10634,3421,10995,4126,1707,6122,6630,29419,7331,5042,6531
0500000US42071,"Lancaster County, Pennsylvania",249828,7495,19926,42392,10453,31478,10551,3604,14267,17670,54987,17781,12097,7127
0500000US42073,"Lawrence County, Pennsylvania",38593,491,2806,4545,1190,6417,2812,409,1571,2624,9590,3307,1647,1184
0500000US42075,"Lebanon County, Pennsylvania",62284,1512,2905,8466,3103,7545,3097,1432,2822,3623,17097,4552,3134,2996
0500000US42077,"Lehigh County, Pennsylvania",160616,403,7957,23169,4534,19524,7275,5031,8688,18265,43282,11783,6586,4119
0500000US42079,"Luzerne County, Pennsylvania",142502,1017,6521,18953,5246,20031,9319,2346,7743,11345,35853,11524,5017,7587
0500000US42081,"Lycoming County, Pennsylvania",52784,538,2861,8964,1165,6666,3578,723,2522,3694,11913,4342,3227,2591
0500000US42085,"Mercer County, Pennsylvania",48826,841,2453,8755,943,5869,2505,723,1884,2824,14314,3491,1744,2480
0500000US42089,"Monroe County, Pennsylvania",73031,1006,4466,6480,1742,11605,4960,912,3912,5665,16519,9462,2701,3601
0500000US42091,"Montgomery County, Pennsylvania",411517,1750,23472,47202,12669,43224,14631,9183,41825,58720,102572,26997,17919,11353
0500000US42095,"Northampton County, Pennsylvania",136335,207,6513,21400,4623,15492,6885,3857,8513,13271,35865,9957,5881,3871
0500000US42097,"Northumberland County, Pennsylvania",41077,1538,2570,5145,994,6271,2232,908,1713,1666,10454,3385,1222,2979
0500000US42101,"Philadelphia County, Pennsylvania",597521,1065,21677,42841,11982,60638,30368,11409,36268,70778,182275,58846,30753,38621
0500000US42107,"Schuylkill County, Pennsylvania",63159,1674,3394,10667,1659,9500,4118,1172,1938,4098,15447,3309,2847,3336
0500000US42111,"Somerset County, Pennsylvania",32971,1612,2404,4869,812,3785,1884,575,1075,1971,6722,3863,1473,1926
0500000US42125,"Washington County, Pennsylvania",95951,2157,7583,10490,2800,9270,6081,1369,6202,8670,23499,9692,4951,3187
0500000US42129,"Westmoreland County, Pennsylvania",167264,1068,10009,22305,6508,21512,11069,2631,7741,14426,42758,12021,9100,6116
0500000US42133,"York County, Pennsylvania",215887,2060,16491,37638,6398,26091,11001,3047,10571,19429,47540,15515,10705,9401
0500000US44003,"Kent County, Rhode Island",80650,236,3814,9704,2431,12274,3337,1269,7314,6645,18763,7721,3360,3782
0500000US44005,"Newport County, Rhode Island",43217,218,1910,3320,434,4286,1605,389,2688,6116,10100,7051,1649,3451
0500000US44007,"Providence County, Rhode Island",279266,297,11888,36307,8819,36297,9960,5827,19035,25109,73275,28482,12004,11966
0500000US44009,"Washington County, Rhode Island",63718,131,4952,5786,824,6981,1666,699,3778,5258,18505,9069,2434,3635
0500000US45003,"Aiken County, South Carolina",65366,876,5158,12113,1387,7090,3579,1214,2956,6271,14195,4757,2399,3371
0500000US45007,"Anderson County, South Carolina",77245,717,4689,17369,1762,10173,3758,589,2787,4970,18361,5131,4164,2775
0500000US45013,"Beaufort County, South Carolina",61870,736,6460,3402,1256,8541,1170,1529,4812,8046,11081,7966,2819,4052
0500000US45015,"Berkeley County, South Carolina",75784,64,6198,8767,1702,8645,4943,2344,3335,7694,15516,7535,3873,5168
0500000US45019,"Charleston County, South Carolina",166893,1130,11658,10606,3693,19761,7935,4608,9211,22060,37293,21054,8380,9504
0500000US45031,"Darlington County, South Carolina",24910,615,1083,4946,890,3640,1633,167,1361,1107,5396,1875,1383,814
0500000US45035,"Dorchester County, South Carolina",61291,268,3953,8134,1505,9209,3069,367,3177,4768,13649,6145,2255,4792
0500000US45041,"Florence County, South Carolina",55503,385,2179,5115,1368,6899,2988,595,4650,5013,14801,4959,3972,2579
0500000US45045,"Greenville County, South Carolina",205346,750,14704,31765,8711,21177,6411,3987,11544,24432,42950,22735,10370,5810
0500000US45047,"Greenwood County, South Carolina",28642,412,1645,4814,860,3289,1471,57,715,3149,8233,2086,921,990
0500000US45051,"Horry County, South Carolina",118696,902,9721,4126,1975,19823,3907,1938,7652,9939,22921,24771,5505,5516
0500000US45057,"Lancaster County, South Carolina",29292,553,2527,4169,1136,4243,1608,610,3216,2323,5412,1147,1083,1265
0500000US45059,"Laurens County, South Carolina",27321,395,2507,6304,771,3009,1394,626,1192,1898,6868,1009,584,764
0500000US45063,"Lexington County, South Carolina",126322,2302,8297,12256,4305,15717,6176,1660,9775,11217,29119,9469,6183,9846
0500000US45073,"Oconee County, South Carolina",31197,498,2436,4938,699,2833,1764,116,1601,2657,8014,3438,1380,823
0500000US45075,"Orangeburg County, South Carolina",31553,1008,747,4760,648,3602,1280,288,1245,1646,9122,2818,1612,2777
0500000US45077,"Pickens County, South Carolina",47668,512,4813,7099,1034,5821,2567,438,1734,3484,11173,5155,1914,1924
0500000US45079,"Richland County, South Carolina",172686,543,9214,11214,3482,20011,6954,4588,13910,17698,44105,17604,8011,15352
0500000US45083,"Spartanburg County, South Carolina",122856,1134,7651,25358,4979,16055,6053,2710,4785,9285,23928,11910,6508,2500
0500000US45085,"Sumter County, South Carolina",38806,264,2881,4454,418,5149,1075,439,1332,2991,10785,2647,2641,3730
0500000US45091,"York County, South Carolina",104892,680,5572,14608,4901,11701,6426,1566,8101,10751,23550,8828,4736,3472
0500000US46099,"Minnehaha County, South Dakota",90822,1333,4568,9994,3274,11358,3177,1432,12323,6061,23590,7211,3680,2821
0500000US46103,"Pennington County, South Dakota",49655,1247,2599,2071,1518,5238,2781,1079,3412,5855,12066,7018,1746,3025
0500000US47001,"Anderson County, Tennessee",32496,256,1978,5050,627,3972,1485,659,958,4361,7738,2787,690,1935
0500000US47009,"Blount County, Tennessee",53888,470,4271,6846,1603,7454,2803,938,3255,6815,11844,3603,1916,2070
0500000US47011,"Bradley County, Tennessee",41384,158,2540,7000,1257,5392,2502,824,1891,5361,9106,2314,2769,270
0500000US47037,"Davidson County, Tennessee",303923,1007,19621,19955,7549,38244,11799,9415,19974,30115,77468,37083,16588,15105
0500000US47059,"Greene County, Tennessee",27047,510,2097,5641,251,3755,1457,344,1480,1502,6802,1999,550,659
0500000US47065,"Hamilton County, Tennessee",157077,323,11260,19729,3991,15643,10813,2935,12570,17025,32974,16706,7579,5529
0500000US47093,"Knox County, Tennessee",202584,1053,14186,15422,8072,27969,8359,4973,11654,26239,50341,15979,11804,6533
0500000US47113,"Madison County, Tennessee",40867,427,2946,4102,989,4119,1987,367,1396,3104,13623,3887,1571,2349
0500000US47119,"Maury County, Tennessee",35773,421,2534,4510,562,5171,806,384,1827,3343,7417,5108,1892,1798
0500000US47125,"Montgomery County, Tennessee",69666,125,4333,8612,1526,9561,4213,939,3320,6432,16018,6119,2731,5737
0500000US47141,"Putnam County, Tennessee",31326,205,1980,2850,490,6036,1510,184,1902,1899,8136,2621,1843,1670
0500000US47147,"Robertson County, Tennessee",29688,853,1758,5201,652,3583,2369,742,1068,2551,6510,979,1826,1596
0500000US47149,"Rutherford County, Tennessee",125127,544,8560,15038,4201,14900,6591,3851,9659,12321,29373,8387,4926,6776
0500000US47155,"Sevier County, Tennessee",41526,283,2846,2410,582,7981,1597,463,3386,3823,5737,8608,1918,1892
0500000US47157,"Shelby County, Tennessee",407623,707,21926,32573,15749,45463,45583,6493,22904,42147,91893,40261,21577,20347
0500000US47163,"Sullivan County, Tennessee",63476,830,4080,10638,746,9561,2604,1137,2404,5058,16000,5621,2475,2322
0500000US47165,"Sumner County, Tennessee",73536,675,4477,9122,2760,10682,3557,1699,4644,6994,13232,8336,4156,3202
0500000US47179,"Washington County, Tennessee",55280,124,4085,5163,1102,6013,1913,1475,3373,3152,16778,7155,2984,1963
0500000US47187,"Williamson County, Tennessee",87222,783,4618,5651,2929,8792,3188,2956,8348,11838,23681,6858,4391,3189
0500000US47189,"Wilson County, Tennessee",50865,256,4128,5252,1855,5657,2909,1056,4588,4169,12234,3499,1912,3350
0500000US48005,"Angelina County, Texas",33286,1455,2016,4064,592,4052,1432,795,1191,1988,9812,2536,1946,1407
0500000US48021,"Bastrop County, Texas",32340,615,4621,2202,922,3541,1984,198,1279,3144,7048,2031,1273,3482
0500000US48027,"Bell County, Texas",119458,951,6982,8121,2467,14503,4888,2087,5823,9700,32644,13769,5218,12305
0500000US48029,"Bexar County, Texas",760305,4927,57977,44085,17856,91582,33852,16812,68081,82671,175816,80070,39182,47394
0500000US48037,"Bowie County, Texas",39280,438,2319,2863,1140,4879,1922,118,2300,2308,9484,3591,2196,5722
0500000US48039,"Brazoria County, Texas",143049,3314,13758,18032,4932,14743,8227,2308,6733,15364,34735,8339,6193,6371
0500000US48041,"Brazos County, Texas",89526,2456,6098,5826,1678,8656,2318,724,4365,9716,30807,9677,4811,2394
0500000US48061,"Cameron County, Texas",142057,3544,11428,6469,3182,15396,7922,3609,4256,11143,42816,13255,9285,9752
0500000US48085,"Collin County, Texas",398911,4111,15700,43305,10955,47932,12804,16902,43698,63104,81520,28859,15940,14081
0500000US01003,"Baldwin County, Alabama",77263,1302,6489,6134,2131,9525,3557,940,5893,9873,14753,8257,3575,4834
0500000US01015,"Calhoun County, Alabama",42768,337,1371,7868,750,5706,1626,779,2234,3776,8351,3799,2440,3731
0500000US01043,"Cullman County, Alabama",30476,630,1836,5283,503,4777,1393,631,1720,1009,6683,2351,2183,1477
0500000US01049,"DeKalb County, Alabama",27947,901,1484,7691,1004,3179,1140,262,1204,1106,4761,2834,1726,655
0500000US01051,"Elmore County, Alabama",34858,560,2721,4973,1204,4388,1253,251,2331,2776,7873,1827,1203,3498
0500000US01055,"Etowah County, Alabama",38584,519,3425,5646,702,4140,2116,319,1221,3266,9302,2399,3309,2220
0500000US01069,"Houston County, Alabama",45470,790,2967,4237,1897,6225,2838,670,1980,3458,9843,5200,2658,2707
0500000US01073,"Jefferson County, Alabama",289454,1761,17682,27091,8859,34024,14727,8309,25021,29164,67630,26357,15828,13001
0500000US01077,"Lauderdale County, Alabama",39581,946,3579,4285,1364,6047,2474,439,1771,2710,8624,3551,3148,643
0500000US01081,"Lee County, Alabama",63718,763,3315,7701,765,7232,1976,1198,3862,4520,18639,7234,3187,3326
0500000US01083,"Limestone County, Alabama",34378,258,2207,8203,927,3043,1627,306,2091,4675,5601,1972,1662,1806
0500000US01089,"Madison County, Alabama",156411,569,9917,18415,2697,15082,4612,4594,7674,28194,31686,12588,7637,12746
0500000US01095,"Marshall County, Alabama",39438,564,3866,8567,1635,5280,1069,827,1374,2421,7018,1647,1809,3361
0500000US01097,"Mobile County, Alabama",170552,2025,10788,21036,5355,22541,9296,2413,8469,17946,38617,17012,8326,6728
0500000US01101,"Montgomery County, Alabama",99081,535,3959,9332,2467,11904,3929,833,5802,9252,20680,10844,6779,12765
0500000US01103,"Morgan County, Alabama",53198,495,3745,11347,1692,5495,3281,783,2244,5808,7868,6052,2530,1858
0500000US01115,"St. Clair County, Alabama",35991,385,2902,4557,2055,4935,2201,697,2000,2932,6655,1684,1929,3059
0500000US01117,"Shelby County, Alabama",97212,1352,7570,6349,3661,14025,3609,3074,10130,12006,18850,7566,4696,4324
0500000US01121,"Talladega County, Alabama",28717,996,2511,4611,819,3636,1274,374,1778,1479,6055,1566,2074,1544
0500000US01125,"Tuscaloosa County, Alabama",85616,1946,7675,9310,1941,9871,3066,1688,4077,7110,23788,7716,4465,2963
0500000US01127,"Walker County, Alabama",21721,1898,1951,2022,712,3180,1508,253,962,792,5259,1663,609,912
0500000US02020,"Anchorage Municipality, Alaska",144265,3948,8275,3041,3124,17224,11963,3450,7661,14251,32365,13992,6591,18380
0500000US02090,"Fairbanks North Star Borough, Alaska",45393,2368,4517,1050,1430,4399,2796,821,2439,2970,11431,3704,1852,5616
0500000US02170,"Matanuska-Susitna Borough, Alaska",39263,2746,4415,1157,456,4706,2073,831,757,3159,9592,2864,1641,4866
0500000US04001,"Apache County, Arizona",17667,352,1759,301,205,1355,1099,138,365,307,6781,2022,272,2711
0500000US04003,"Cochise County, Arizona",48470,1005,2719,1147,1811,4935,2557,639,1697,5887,10317,5204,2168,8384
0500000US04005,"Coconino County, Arizona",59481,1057,3239,3682,507,7699,3410,618,1981,3626,16638,9430,2844,4750
0500000US04013,"Maricopa County, Arizona",1673777,10374,110893,135976,45665,210496,88220,34315,152074,203692,364334,165940,76649,75149
0500000US04015,"Mohave County, Arizona",72433,814,5585,3855,787,11356,4309,1335,3754,3670,15279,13699,2766,5224
0500000US04017,"Navajo County, Arizona",33460,492,2646,1205,416,4357,1930,467,1475,2434,10490,3630,920,2998
0500000US04019,"Pima County, Arizona",412292,3711,23958,29763,5998,51249,13845,7694,20419,50655,107016,46766,24140,27078
0500000US04021,"Pinal County, Arizona",132869,2521,12261,9604,2841,19050,7142,2628,8077,13423,26202,10872,6350,11898
0500000US04025,"Yavapai County, Arizona",79070,1986,5458,3634,2189,10348,2559,1359,5447,8338,17351,12467,3635,4299
0500000US04027,"Yuma County, Arizona",68598,6069,3504,2672,1943,8865,2187,1116,1390,6379,13237,9833,3122,8281
0500000US05007,"Benton County, Arkansas",101933,2710,6275,15032,1700,23913,5364,978,3704,8774,17970,8073,4237,3203
0500000US05031,"Craighead County, Arkansas",42183,1087,4200,6288,1189,4937,939,511,2199,2263,12185,3422,1899,1064
0500000US05045,"Faulkner County, Arkansas",53068,2304,3662,4220,1130,5818,3077,1103,2888,5158,13043,5206,2538,2921
0500000US05051,"Garland County, Arkansas",37505,573,3177,3597,1021,5337,1671,319,1470,2619,10147,3600,2920,1054
0500000US05069,"Jefferson County, Arkansas",29396,480,1232,4652,1404,3232,1766,494,814,2440,7092,1215,1545,3030
0500000US05085,"Lonoke County, Arkansas",31106,784,3093,2573,1332,4306,2147,491,1455,2466,5924,1616,1753,3166
0500000US05119,"Pulaski County, Arkansas",177729,929,8180,12574,4541,17538,9592,4261,11816,17717,51634,17720,8759,12468
0500000US05125,"Saline County, Arkansas",49447,281,4154,3577,1959,6677,1979,2306,3201,3681,12667,3359,2271,3335
0500000US05131,"Sebastian County, Arkansas",55223,1388,2238,10468,1560,7884,3154,373,1668,2662,13411,5683,2496,2238
0500000US05143,"Washington County, Arkansas",96558,2271,6013,15319,3511,12501,4481,1499,4380,7151,23190,8977,4341,2924
0500000US05145,"White County, Arkansas",32572,1295,2254,3130,674,5770,1770,642,1273,2287,7162,2841,1989,1485
0500000US06001,"Alameda County, California",699389,1936,36459,74342,23531,71978,37659,21330,40478,113728,157244,56708,35947,28049
0500000US06007,"Butte County, California",88041,2925,4578,5389,2197,12104,3661,1695,4209,10004,24315,8733,4482,3749
0500000US06013,"Contra Costa County, California",480363,3392,31364,37735,13364,49304,26338,16307,44089,66688,106913,38828,26126,19915
0500000US06017,"El Dorado County, California",78614,856,6080,5394,1437,8111,2582,1491,5857,10867,14943,10163,3971,6862
0500000US06019,"Fresno County, California",363891,36019,20052,22445,13572,44280,16947,4492,20988,33642,81279,30470,17149,22556
0500000US06023,"Humboldt County, California",61379,2228,5013,3629,1458,8744,2607,1346,2724,4496,13483,9096,3179,3376
0500000US06025,"Imperial County, California",56573,3990,3733,3828,1835,5957,4539,891,2344,3515,13273,3756,2722,6190
0500000US06029,"Kern County, California",310764,48124,18675,15711,9392,36365,14899,3188,12916,27057,61275,24801,15830,22531
0500000US06031,"Kings County, California",52477,9245,1958,3859,1805,5009,1046,209,1542,4213,10233,4281,1750,7327
0500000US06033,"Lake County, California",20375,281,1521,531,440,2047,786,294,1654,1417,5376,2370,2053,1605
0500000US06037,"Los Angeles County, California",4391268,24261,235752,473710,159909,468911,227934,188861,279308,545308,921140,436463,269174,160537
0500000US06039,"Madera County, California",54262,11933,2742,4447,1122,6193,2946,870,2561,2407,10971,2953,2114,3003
0500000US06041,"Marin County, California",119487,640,6769,6563,3006,12192,3051,3248,12374,22050,27193,11701,6654,4046
0500000US06045,"Mendocino County, California",35851,2826,3644,2773,1037,3872,1102,345,1568,2199,8257,4340,2284,1604
0500000US06047,"Merced County, California",94048,11660,5109,10231,4241,12277,4421,1329,3193,5328,19278,7480,4604,4897
0500000US06053,"Monterey County, California",175878,26052,9987,8457,4334,21896,5566,2714,8078,16515,33312,17801,10135,11031
0500000US06055,"Napa County, California",62966,4341,3482,7629,2265,6491,1697,1204,3858,5752,12983,7471,2978,2815
0500000US06057,"Nevada County, California",42705,749,3651,2711,741,5659,2045,1041,3278,4083,9457,4502,2209,2579
0500000US06059,"Orange County, California",1414260,5759,81763,194612,55250,157885,47279,29325,126127,189056,261950,142182,75302,47770
0500000US06061,"Placer County, California",151654,726,11286,10868,3886,21120,8420,2908,13411,18506,31845,11222,6180,11276
0500000US06065,"Riverside County, California",854828,14996,68272,75925,30577,118193,46043,14982,46462,84225,171551,92612,45377,45613
0500000US06067,"Sacramento County, California",595578,3978,36186,35357,16876,70621,24799,12303,41920,65924,134284,52028,29908,71394
0500000US06071,"San Bernardino County, California",791365,7431,59904,82634,30002,100778,56472,11514,42668,67683,179358,70290,36043,46588
0500000US06073,"San Diego County, California",1348077,11966,81976,122534,35581,142231,52298,29014,90724,196020,282931,144594,73152,85056
0500000US06075,"San Francisco County, California",446665,1130,16023,29079,10024,42315,15012,17971,38414,89930,88869,54107,25468,18323
0500000US06077,"San Joaquin County, California",264858,12810,17438,27430,10822,28767,16781,5011,12825,25012,57784,23977,12201,14000
0500000US06079,"San Luis Obispo County, California",116949,4759,9382,7791,2074,15981,4301,3772,4372,13269,25458,13722,5053,7015
0500000US06081,"San Mateo County, California",362295,2788,21010,26993,9701,33553,20839,10566,29568,59578,79507,33464,20337,14391
0500000US06083,"Santa Barbara County, California",187202,18031,9717,15318,4821,18284,4649,4444,8259,21276,41292,21402,9932,9777
0500000US06085,"Santa Clara County, California",834009,5591,42199,156189,18133,88192,20789,30861,41459,153969,160641,57324,37362,21300
0500000US06087,"Santa Cruz County, California",117481,7667,8233,9514,3041,12295,3792,2254,4943,13842,28318,13793,5821,3968
0500000US06089,"Shasta County, California",64021,2130,4562,3837,1771,6237,3623,1306,4626,6214,18024,5330,3184,3177
0500000US06095,"Solano County, California",180913,3036,10186,17511,5070,18728,11855,3880,13646,14521,39419,20652,7121,15288
0500000US06097,"Sonoma County, California",227836,5278,16982,22332,6951,31387,8049,5209,13553,24793,45633,23787,12927,10955
0500000US06099,"Stanislaus County, California",198972,11321,14636,26716,9122,26086,9314,2618,7241,13653,45076,15053,10521,7615
0500000US06101,"Sutter County, California",35905,5203,2485,1861,589,5373,1809,500,1777,2250,7873,2605,1494,2086
0500000US06107,"Tulare County, California",169217,31291,9511,11423,9748,19518,8111,1548,6049,10851,30438,11344,7846,11539
0500000US06111,"Ventura County, California",387454,17808,21334,36769,15180,43469,12723,9869,32303,48004,72035,35369,17832,24759
0500000US06113,"Yolo County, California",86907,4109,4282,3611,1763,8673,3474,2040,4140,8727,27357,7185,3995,7551
0500000US06115,"Yuba County, California",24520,1463,1356,1794,335,3801,2298,262,1044,1653,4767,2252,1204,2291
0500000US08001,"Adams County, Colorado",205967,3008,21591,17921,9694,23658,15549,5678,12909,24597,30710,18867,11488,10297
0500000US08005,"Arapahoe County, Colorado",290348,2512,20615,15962,8620,36778,15851,11832,26986,38911,56572,29666,13614,12429
0500000US08013,"Boulder County, Colorado",153738,1272,6880,18833,3637,13719,3904,4814,7602,27184,36567,17178,7797,4351
0500000US08031,"Denver County, Colorado",301802,2992,20879,18646,8827,27807,10990,11353,23986,51414,60833,36967,15328,11780
0500000US08035,"Douglas County, Colorado",147755,1621,9417,10973,3361,17379,5386,9439,18094,22649,26432,9757,6824,6423
0500000US08041,"El Paso County, Colorado",275722,1220,18952,20234,4168,32550,11020,7168,16748,37261,60661,30805,16665,18270
0500000US08059,"Jefferson County, Colorado",271398,3429,21404,21822,8518,30167,11173,8999,20886,41132,52008,23555,13278,15027
0500000US08069,"Larimer County, Colorado",151483,2557,9431,15746,3890,17112,4579,2727,9581,17005,39658,14091,7926,7180
0500000US08077,"Mesa County, Colorado",64449,4290,3852,3530,1498,8436,2924,1543,3671,4334,17548,6590,2605,3628
0500000US08101,"Pueblo County, Colorado",64170,722,4959,5086,1639,10765,2369,824,2614,5337,16363,7178,2037,4277
0500000US08123,"Weld County, Colorado",118678,4546,9797,13115,3415,17046,6306,1377,7511,11120,25836,9113,4387,5109
0500000US09001,"Fairfield County, Connecticut",432039,1141,27148,36725,12198,45981,13443,13382,51514,69894,93202,31391,24283,11737
0500000US09003,"Hartford County, Connecticut",432297,1517,19487,46720,10352,47056,17932,11177,50255,43906,107623,37478,17886,20908
0500000US09005,"Litchfield County, Connecticut",97532,1118,6671,12781,2537,9852,3320,2155,7190,11080,25409,7300,5350,2769
0500000US09007,"Middlesex County, Connecticut",83458,423,6688,9390,2392,8853,3034,2413,6756,8215,22533,5663,3409,3689
0500000US09009,"New Haven County, Connecticut",420431,1447,18646,51814,10140,45565,16306,10124,26025,37032,134278,35392,18863,14799
0500000US09011,"New London County, Connecticut",133119,339,7269,15809,2644,15000,5472,2033,5148,12439,31296,22490,6244,6936
0500000US09013,"Tolland County, Connecticut",79841,464,5145,8550,1666,8003,2434,1188,7629,7101,23599,5985,3436,4641
0500000US09015,"Windham County, Connecticut",57729,994,4163,6704,1651,7230,2755,622,2178,4127,17036,5194,2546,2529
0500000US10001,"Kent County, Delaware",68808,1178,4514,5322,827,10327,3305,1476,4064,3544,16898,6584,2804,7965
0500000US10003,"New Castle County, Delaware",261666,966,15127,24041,6152,26941,11990,4344,38004,26851,63103,21622,9908,12617
0500000US10005,"Sussex County, Delaware",80646,2573,8870,7668,1933,12156,3344,889,4361,5494,17104,7440,4713,4101
0500000US11001,"District of Columbia, District of Columbia",299127,174,8866,3113,2717,15923,11159,11748,15640,66452,55973,26169,26834,54359
0500000US12001,"Alachua County, Florida",112538,983,3705,3926,1780,12816,3401,1905,5862,11910,44064,11771,5558,4857
0500000US12005,"Bay County, Florida",75029,317,5332,3872,930,11004,3363,880,4385,8307,15341,9430,4719,7149
0500000US12009,"Brevard County, Florida",227358,771,15981,27933,3896,29433,7933,3202,12310,30740,47476,22761,10757,14165
0500000US12011,"Broward County, Florida",826452,4298,49957,40905,31052,112360,46568,17711,67144,108344,171463,86607,52591,37452
0500000US12015,"Charlotte County, Florida",53046,46,3485,2361,1070,8924,1590,519,3551,6715,13326,3981,3456,4022
0500000US12017,"Citrus County, Florida",44564,865,3191,2202,495,7226,3155,823,1380,3579,10660,6332,1579,3077
0500000US12019,"Clay County, Florida",81636,276,4440,4570,2386,10714,7127,1268,8655,10452,17410,5883,3719,4736
0500000US12021,"Collier County, Florida",123674,2615,11130,5028,4491,21667,2750,1708,8546,15524,20990,18720,5723,4782
0500000US12023,"Columbia County, Florida",25005,435,1901,1111,649,4116,2085,254,769,1331,6457,1558,1831,2508
0500000US12031,"Duval County, Florida",389770,672,21722,22161,10573,51785,25552,7790,46676,42808,85714,34224,17697,22396
0500000US12033,"Escambia County, Florida",114076,414,7084,5616,2562,14435,5886,1758,7757,12828,30485,12098,6465,6688
0500000US12035,"Flagler County, Florida",31840,49,1495,1485,807,3654,823,1002,3484,5387,6911,3807,1439,1497
0500000US12053,"Hernando County, Florida",56063,582,4829,2479,826,10511,3185,789,3468,4194,13668,5226,2761,3545
0500000US12055,"Highlands County, Florida",32036,3656,2303,1214,635,5555,1130,439,1185,1588,7119,2705,1886,2621
0500000US12057,"Hillsborough County, Florida",557854,7815,31629,32944,18108,67658,24915,14863,58157,74079,121250,59144,25955,21337
0500000US12061,"Indian River County, Florida",52019,1515,4011,1962,854,8787,2135,690,4179,5904,10699,6087,3777,1419
0500000US12069,"Lake County, Florida",117196,1803,6459,7678,2931,14260,6094,2095,8497,12018,27004,18010,4423,5924
0500000US12071,"Lee County, Florida",233140,2520,18232,7758,4747,36523,13021,4328,15500,29322,45397,31630,13745,10417
0500000US12073,"Leon County, Florida",127337,591,5660,3693,1946,12511,2889,1280,8079,13957,34973,14401,6442,20915
0500000US12081,"Manatee County, Florida",127401,1621,7251,9729,3255,19905,5182,1420,9369,14682,28038,14671,6588,5690
0500000US12083,"Marion County, Florida",113661,4864,9414,6790,3381,15439,4580,1988,6690,11959,25333,12238,5246,5739
0500000US12085,"Martin County, Florida",57783,614,3710,3949,926,7805,1790,836,3512,7830,13467,6095,3619,3630
0500000US12086,"Miami-Dade County, Florida",1075625,7748,74255,54937,45164,130845,73548,26799,78688,134619,217787,112057,78170,41008
0500000US12087,"Monroe County, Florida",37383,1430,3093,462,533,5384,2925,427,2211,3144,4741,8411,1746,2876
0500000US12089,"Nassau County, Florida",32590,0,3288,2730,931,3425,3102,503,1752,2322,6895,3558,1608,2476
0500000US12091,"Okaloosa County, Florida",81612,423,4438,4157,1535,12219,4218,1302,5759,9207,13743,10717,4274,9620
0500000US12095,"Orange County, Florida",548580,2582,32646,23039,14866,65901,31870,12054,36277,79407,103443,100412,26009,20074
0500000US12097,"Osceola County, Florida",117143,894,8139,4481,1611,18176,7821,1992,6081,12366,20003,27061,3583,4935
0500000US12099,"Palm Beach County, Florida",577572,8110,39760,22709,14634,81326,24127,13419,47843,81209,123750,63721,34344,22620
0500000US12101,"Pasco County, Florida",184267,1034,12874,9888,4902,28796,9462,3403,15615,18859,41329,19380,9999,8726
0500000US12103,"Pinellas County, Florida",409011,1619,24276,33853,11589,56772,15679,8175,36833,52263,89674,41297,21784,15197
0500000US12105,"Polk County, Florida",237723,4728,17511,15902,9638,34134,13751,2989,13822,21810,51154,32942,8759,10583
0500000US12107,"Putnam County, Florida",24582,981,2714,3156,698,3404,1704,283,195,1739,4816,2085,1569,1238
0500000US12109,"St. Johns County, Florida",88212,662,7068,5783,2826,11547,4162,1214,8777,10963,16851,9820,4619,3920
0500000US12111,"St. Lucie County, Florida",108310,1716,7015,6754,3198,19292,6198,1740,5829,9543,24687,10655,5843,5840
0500000US12113,"Santa Rosa County, Florida",63600,669,3829,3531,1651,9654,2292,1841,4252,8043,12264,7051,2227,6296
0500000US12115,"Sarasota County, Florida",146867,594,13558,6377,2914,21562,3452,2212,11747,17586,31911,19717,9669,5568
0500000US12117,"Seminole County, Florida",199357,1186,10789,12118,7198,26912,8676,6242,18559,28423,43040,19359,10510,6345
0500000US12119,"Sumter County, Florida",21079,577,1458,1038,337,2637,1119,182,1281,1664,5987,2956,914,929
0500000US12127,"Volusia County, Florida",193104,2847,14355,11296,5657,31528,8377,4601,12819,19524,40719,20559,12015,8807
0500000US13013,"Barrow County, Georgia",30391,86,2405,3677,1062,4689,1812,712,1861,2979,5988,2525,1414,1181
0500000US13015,"Bartow County, Georgia",40551,1058,3365,6469,577,6041,2219,1391,2257,3504,6510,4525,684,1951
0500000US13021,"Bibb County, Georgia",56710,355,3152,3672,1181,7019,2122,748,5861,3732,15734,4688,4464,3982
0500000US13031,"Bulloch County, Georgia",27305,494,1909,2515,572,2918,1116,196,1200,1115,9267,2999,1774,1230
0500000US13045,"Carroll County, Georgia",45665,267,4950,6713,2082,5924,2408,813,2144,3908,10390,3106,1693,1267
0500000US13051,"Chatham County, Georgia",117204,483,7260,9526,3212,15173,6553,1837,5887,11289,28590,13273,6434,7687
0500000US13057,"Cherokee County, Georgia",103598,334,8075,9291,3631,14382,4158,2710,8799,13003,20767,8401,5710,4337
0500000US13059,"Clarke County, Georgia",47393,579,2034,4312,652,5834,1076,707,1381,5021,16508,5545,1609,2135
0500000US13063,"Clayton County, Georgia",107789,612,8510,7899,2320,13593,13501,2489,5925,12046,17725,11604,5462,6103
0500000US13067,"Cobb County, Georgia",340191,857,24548,23843,13697,39948,16334,12480,27373,55690,65729,28195,16841,14656
0500000US13073,"Columbia County, Georgia",55470,279,3956,6152,1308,5994,2846,772,3272,5863,13651,4908,2299,4170
0500000US13077,"Coweta County, Georgia",56396,140,3478,7746,1649,9349,6344,984,2461,6518,8456,3029,3395,2847
0500000US13089,"DeKalb County, Georgia",317645,336,20388,18296,9081,31876,17854,12088,22229,46440,70937,30979,16209,20932
0500000US13095,"Dougherty County, Georgia",32465,1595,611,2442,588,4148,2023,457,880,2573,10257,2627,1626,2638
0500000US13097,"Douglas County, Georgia",58755,0,5588,5357,2574,7415,4907,2073,3807,7624,10142,3223,3452,2593
0500000US13113,"Fayette County, Georgia",49988,105,2255,3975,2208,4978,7434,1367,3389,5287,9223,4863,1938,2966
0500000US13115,"Floyd County, Georgia",37769,43,1879,5082,525,3416,1935,546,1663,3789,11238,3251,2462,1940
0500000US13117,"Forsyth County, Georgia",81464,319,6061,8843,3292,8944,3266,3848,7517,13885,10733,7416,5353,1987
0500000US13121,"Fulton County, Georgia",431345,1074,19605,27235,14536,48859,24765,21163,34997,75643,80023,48003,16680,18762
0500000US13127,"Glynn County, Georgia",34169,289,1201,1496,504,3760,2323,366,1418,3139,9083,6167,2120,2303
0500000US13135,"Gwinnett County, Georgia",382362,683,31583,33340,17197,52365,16512,12982,29858,49934,68641,31376,24746,13145
0500000US13139,"Hall County, Georgia",75227,1474,5017,15735,3280,7468,2801,1151,4045,6235,16121,5752,3710,2438
0500000US13151,"Henry County, Georgia",91762,582,3574,7499,3239,11987,11447,2641,6372,6820,18912,7121,4279,7289
0500000US13153,"Houston County, Georgia",60696,410,4384,4740,661,7852,2153,820,3231,4509,12225,5428,2266,12017
0500000US13185,"Lowndes County, Georgia",44721,935,1687,3077,924,8010,2098,399,2141,3148,12141,5398,1981,2782
0500000US13215,"Muscogee County, Georgia",71622,134,4040,6419,1023,8057,2787,875,7815,6195,18800,7700,3690,4087
0500000US13217,"Newton County, Georgia",40929,251,2658,5674,1579,4628,2722,971,1117,4239,11183,2812,1956,1139
0500000US13223,"Paulding County, Georgia",66079,499,4550,6035,3287,6911,5533,1973,4397,6976,13758,5316,3892,2952
0500000US13245,"Richmond County, Georgia",78341,347,5023,8537,1584,9219,4919,1930,2425,5542,20232,9464,3558,5561
0500000US13247,"Rockdale County, Georgia",37995,169,2214,6163,1137,3551,2121,1216,2414,3087,9444,2370,1900,2209
0500000US13285,"Troup County, Georgia",26060,0,1317,5293,616,3259,1779,215,1702,2122,5721,1943,1000,1093
0500000US13295,"Walker County, Georgia",28899,165,1480,5762,732,3796,1525,556,1117,2776,5474,2659,1275,1582
0500000US13297,"Walton County, Georgia",38496,218,3078,4699,2062,6149,1875,752,1801,2657,8432,1381,2507,2885
0500000US13313,"Whitfield County, Georgia",43476,58,2433,15966,1285,4333,1747,632,1695,2726,6424,3506,1611,1060
0500000US15001,"Hawaii County, Hawaii",79982,3757,9361,1712,1604,9102,3656,1111,3841,7783,17027,12772,3379,4877
0500000US15003,"Honolulu County, Hawaii",452669,3416,31171,14494,11858,52471,27064,7424,32415,41365,104217,60822,20236,45716
0500000US15007,"Kauai County, Hawaii",31613,1039,2567,416,882,3016,2436,690,1886,3190,5550,7105,1526,1310
0500000US15009,"Maui County, Hawaii",73905,2164,6182,1759,1434,8056,4328,813,5675,7600,10743,18053,3521,3577
0500000US16001,"Ada County, Idaho",185843,2671,10568,17914,5201,22354,7739,4368,12829,24442,40100,18693,6920,12044
0500000US16005,"Bannock County, Idaho",35920,571,2738,2824,1247,4328,2058,628,2319,3190,10204,3479,779,1555
0500000US16019,"Bonneville County, Idaho",45647,1386,2244,4065,1605,5772,1516,1463,2163,7429,8627,5438,1803,2136
0500000US16027,"Canyon County, Idaho",73768,3794,5024,9045,3468,8610,4446,1543,3596,7470,17126,2700,3876,3070
0500000US16055,"Kootenai County, Idaho",59952,688,5460,6496,1218,8012,1685,488,5380,5966,12755,6417,3135,2252
0500000US16083,"Twin Falls County, Idaho",35567,4350,2693,3574,692,5943,2100,492,2002,1939,7839,2047,1035,861
0500000US17001,"Adams County, Illinois",31219,896,1941,5031,905,6081,1662,486,1963,1460,6758,2116,1573,347
0500000US17019,"Champaign County, Illinois",96700,652,3687,6851,2168,9645,2660,3185,5522,7910,36792,10117,5348,2163
0500000US17031,"Cook County, Illinois",2367822,3251,110560,253304,67769,233915,143619,57227,193815,320861,534028,229813,123323,96337
0500000US17037,"DeKalb County, Illinois",51862,360,2883,7805,2122,5896,1602,1041,2053,4215,13526,6591,1657,2111
0500000US17043,"DuPage County, Illinois",465365,1641,21306,51915,19517,50509,26925,12483,44148,62583,99781,40191,21961,12405
0500000US17089,"Kane County, Illinois",239955,1616,14741,38409,9128,29522,14197,5175,16996,29633,46599,18146,8569,7224
0500000US17091,"Kankakee County, Illinois",48535,991,2739,6195,1852,6321,2743,708,2713,3421,11894,5118,2293,1547
0500000US17093,"Kendall County, Illinois",55817,419,3357,7706,2560,6049,3273,1164,3915,5818,12221,4858,1684,2793
0500000US17097,"Lake County, Illinois",332107,1022,13474,51916,14669,41576,13469,6706,23379,41844,63067,35424,15218,10343
0500000US17099,"LaSalle County, Illinois",53495,1913,3718,7511,654,7509,3401,827,2676,4170,11456,5002,2342,2316
0500000US17111,"McHenry County, Illinois",152679,1406,11390,25548,6160,16501,6985,3082,11258,16902,31146,12573,5690,4038
0500000US17113,"McLean County, Illinois",87438,850,3162,5878,1073,10074,3493,1860,18415,5726,21685,8792,4308,2122
0500000US17115,"Macon County, Illinois",46390,1001,2274,6318,1425,6150,3709,970,2332,3265,10296,4327,2699,1624
0500000US17119,"Madison County, Illinois",123020,949,8060,14221,3555,13646,9000,1306,9030,11109,28343,12569,6367,4865
0500000US17143,"Peoria County, Illinois",84627,434,3402,14684,2292,9368,3523,1587,4428,9673,21481,6124,3788,3843
0500000US17161,"Rock Island County, Illinois",68332,982,2864,12372,2312,7932,3337,1431,2862,5554,16824,5461,3957,2444
0500000US17163,"St. Clair County, Illinois",121253,1264,5536,10485,3021,14275,6332,1462,8823,12688,32623,10676,6406,7662
0500000US17167,"Sangamon County, Illinois",97607,936,4580,3950,2328,10534,4788,1838,7075,8069,25198,7414,5775,15122
0500000US17179,"Tazewell County, Illinois",60235,1150,3587,10712,1650,6507,3661,1057,3746,4613,13485,4535,3254,2278
0500000US17183,"Vermilion County, Illinois",32082,751,1730,5713,1262,4405,1507,585,1065,1439,8423,2339,1462,1401
0500000US17197,"Will County, Illinois",311382,1172,17860,36319,10641,39959,25657,6617,22509,34111,66771,23944,13966,11856
0500000US17199,"Williamson County, Illinois",27954,523,2189,1711,286,3290,1198,369,1484,2547,8665,2470,1099,2123
0500000US17201,"Winnebago County, Illinois",127255,462,6664,26392,2848,14144,6328,2109,5940,10144,31198,10458,6913,3655
0500000US18003,"Allen County, Indiana",157948,934,7237,29620,5106,20407,6347,2564,10216,13414,38873,13367,6863,3000
0500000US18005,"Bartholomew County, Indiana",36534,137,1585,12232,384,4185,908,143,1178,2530,7326,3216,1427,1283
0500000US18019,"Clark County, Indiana",53298,165,2914,7376,1004,5315,3870,436,4149,4769,11333,6336,2655,2976
0500000US18035,"Delaware County, Indiana",50428,502,2513,4893,1070,7174,1460,627,2101,3397,17248,5458,2412,1573
0500000US18039,"Elkhart County, Indiana",86514,615,4792,29940,2429,9342,3287,910,3955,4742,14391,6029,4430,1652
0500000US18043,"Floyd County, Indiana",35788,117,2216,6596,1087,3888,1505,356,2312,3622,8315,2981,1235,1558
0500000US18053,"Grant County, Indiana",28684,313,1901,4432,267,4347,1175,663,551,1243,8125,3825,1244,598
0500000US18057,"Hamilton County, Indiana",140815,1338,5639,17746,5169,13898,4946,2745,15620,19248,32769,10333,6460,4904
0500000US18059,"Hancock County, Indiana",31877,578,2964,3804,1335,4157,1165,866,1311,2988,6674,2671,2107,1257
0500000US18063,"Hendricks County, Indiana",70333,121,5421,9565,2303,8076,5675,902,4801,6063,15495,5299,3697,2915
0500000US18067,"Howard County, Indiana",32634,561,1447,7702,416,5272,815,597,1398,1692,7216,3528,1095,895
0500000US18081,"Johnson County, Indiana",66979,989,4104,10288,1988,8588,5128,1277,3686,4992,12931,5646,4739,2623
0500000US18085,"Kosciusko County, Indiana",36842,792,1198,13590,708,4404,687,877,1911,1514,5885,3156,1690,430
0500000US18089,"Lake County, Indiana",206980,825,12753,32198,4450,23483,14589,3957,9939,14060,49918,19997,11593,9218
0500000US18091,"LaPorte County, Indiana",46537,610,3310,8953,1306,5133,2997,303,1779,3630,9700,5093,2679,1044
0500000US18095,"Madison County, Indiana",55285,893,3661,6739,1400,6659,2398,1141,3265,4719,12870,4644,3455,3441
0500000US18097,"Marion County, Indiana",413741,935,17823,50828,12573,53163,24818,7224,28445,44070,89374,47405,18766,18317
0500000US18105,"Monroe County, Indiana",62689,365,3619,5812,852,4866,1121,1495,2490,3366,24757,9204,2364,2378
0500000US18109,"Morgan County, Indiana",30287,1082,2592,4794,599,2840,2451,161,2140,2493,5787,2415,1621,1312
0500000US18127,"Porter County, Indiana",73994,449,5418,13102,1660,9194,2958,1336,3884,5698,17394,6670,3890,2341
0500000US18141,"St. Joseph County, Indiana",117318,394,5206,18400,3505,14897,5110,1299,5545,8544,33593,12332,5257,3236
0500000US18157,"Tippecanoe County, Indiana",81865,1160,3737,9772,1515,10201,1784,1028,4002,5056,28163,9417,3702,2328
0500000US18163,"Vanderburgh County, Indiana",86691,1008,5562,15224,1872,11868,4961,2152,5059,5813,19153,7537,4769,1713
0500000US18167,"Vigo County, Indiana",46921,304,3275,6577,783,6525,1605,447,2121,4050,12955,3767,2241,2271
0500000US18177,"Wayne County, Indiana",27321,193,1605,5695,526,2970,1239,208,1351,1555,7597,2111,1024,1247
0500000US19013,"Black Hawk County, Iowa",65338,395,2947,12551,2088,8361,2953,1069,4321,4609,15624,5358,3294,1768
0500000US19049,"Dallas County, Iowa",36172,1139,2676,3594,1334,4562,1429,735,6208,2797,6706,2174,1931,887
0500000US19061,"Dubuque County, Iowa",48745,646,2784,6474,1506,7151,1984,1621,2702,3154,12358,4639,2217,1509
0500000US19103,"Johnson County, Iowa",72153,1010,2215,4505,1775,7308,2483,1020,4669,5829,29261,8083,2878,1117
0500000US19113,"Linn County, Iowa",112119,645,6608,19584,3656,13605,4872,3953,9683,10846,23370,8270,4666,2361
0500000US19153,"Polk County, Iowa",229522,3327,13158,17356,6695,24135,9194,5450,41267,21388,47110,20628,9692,10122
0500000US19155,"Pottawattamie County, Iowa",47854,777,3961,4435,1440,5487,4307,1346,3865,3428,10829,4523,1981,1475
0500000US19163,"Scott County, Iowa",79831,929,4314,12850,3066,9498,3880,1358,5461,6177,17984,6876,3821,3617
0500000US19169,"Story County, Iowa",47928,1695,2207,4041,722,4749,1876,463,2617,3496,17330,4433,1538,2761
0500000US19193,"Woodbury County, Iowa",50225,1431,3615,9063,1345,6684,1990,1264,3205,3223,11091,3870,2057,1387
0500000US20015,"Butler County, Kansas",30233,567,2735,6106,542,3620,909,824,1476,1360,8313,1532,934,1315
0500000US20045,"Douglas County, Kansas",59164,585,2946,4159,1020,7352,1827,1209,3035,5650,20921,5963,2692,1805
0500000US20091,"Johnson County, Kansas",290308,1749,13489,23445,11660,33595,10715,12121,29022,44028,65263,23949,13455,7817
0500000US20103,"Leavenworth County, Kansas",30372,152,2666,2053,452,4215,1586,608,2010,2530,7563,2135,1085,3317
0500000US20161,"Riley County, Kansas",34192,414,1499,1687,190,4515,752,789,2111,2324,12996,3766,1234,1915
0500000US20173,"Sedgwick County, Kansas",233995,2077,15153,44527,7432,25753,9645,4078,11894,18691,53526,21813,9909,9497
0500000US20177,"Shawnee County, Kansas",83890,616,3967,5455,1871,12886,3917,1550,5682,7919,19613,7324,4498,8592
0500000US20209,"Wyandotte County, Kansas",66582,274,6874,9295,1746,6869,4179,905,3638,6569,13345,6951,2038,3899
0500000US21015,"Boone County, Kentucky",59373,396,2977,7868,2100,7242,5871,1436,3999,5286,12362,5223,2067,2546
0500000US21029,"Bullitt County, Kentucky",35090,177,2913,5650,1493,4326,3898,423,2155,2784,6367,2097,1265,1542
0500000US21037,"Campbell County, Kentucky",43946,435,2756,4792,680,5271,2718,882,3498,4060,11417,3500,1737,2200
0500000US21047,"Christian County, Kentucky",21145,896,824,3086,414,2154,810,357,1374,1834,5249,1052,1039,2056
0500000US21059,"Daviess County, Kentucky",41730,923,3597,7780,472,5794,1967,428,2248,3084,9388,2873,2105,1071
0500000US21067,"Fayette County, Kentucky",150665,4387,6827,12688,3408,16689,4290,3513,6932,15125,45586,17282,8627,5311
0500000US21093,"Hardin County, Kentucky",39681,695,1851,3461,752,5666,2007,768,2424,2765,10836,2705,1835,3916
0500000US21111,"Jefferson County, Kentucky",341851,21,14235,35256,10614,35956,25353,11131,27397,34655,84923,34351,18040,9919
0500000US21117,"Kenton County, Kentucky",76320,140,4457,9677,2943,8213,5282,1943,7588,7488,14248,7080,3382,3879
0500000US21145,"McCracken County, Kentucky",27385,589,2185,2390,1235,4138,1116,891,604,3510,5399,3101,1339,888
0500000US21151,"Madison County, Kentucky",39601,180,2453,4490,1543,5266,887,1075,2042,2049,11042,6028,1402,1144
0500000US21195,"Pike County, Kentucky",19315,3321,650,1021,311,2205,1332,392,876,1070,5306,866,1119,846
0500000US21227,"Warren County, Kentucky",52042,413,2937,6517,1272,8303,2289,987,1907,3703,14817,5108,2216,1573
0500000US22005,"Ascension Parish, Louisiana",48974,298,5396,7450,1591,6605,2500,1091,3247,3657,9798,2432,2348,2561
0500000US22015,"Bossier Parish, Louisiana",55284,2229,3878,4059,1132,7400,3222,1194,3954,4062,11662,4896,3619,3977
0500000US22017,"Caddo Parish, Louisiana",111374,3057,6465,7582,3666,12573,5512,2136,5853,8194,30878,14777,5641,5040
0500000US22019,"Calcasieu Parish, Louisiana",83060,1307,6440,9095,2628,9518,4238,852,3839,6383,19528,10704,3938,4590
0500000US22033,"East Baton Rouge Parish, Louisiana",214482,2341,14631,17567,5879,26997,6580,3230,12812,20659,54622,22509,13260,13395
0500000US22045,"Iberia Parish, Louisiana",31224,3853,2150,3638,612,3115,2327,214,1704,1559,6559,2770,1554,1169
0500000US22051,"Jefferson Parish, Louisiana",206028,5246,19884,13384,6026,21869,12603,2884,12578,20470,40423,26069,14187,10405
0500000US22055,"Lafayette Parish, Louisiana",107987,8312,5968,6840,3651,13504,4649,1578,5363,10673,26677,12122,5006,3644
0500000US22057,"Lafourche Parish, Louisiana",44027,3818,5199,4148,1718,4608,3481,482,1686,2537,9250,2503,2929,1668
0500000US22063,"Livingston Parish, Louisiana",56303,777,9638,6212,861,6980,2214,714,4034,4529,9756,3410,4043,3135
0500000US22071,"Orleans Parish, Louisiana",151493,2653,8312,7120,3145,12768,7540,2415,8097,16497,41422,25138,6988,9398
0500000US22073,"Ouachita Parish, Louisiana",68924,908,4714,6297,1464,8694,3991,1766,4836,4365,17915,7144,3976,2854
0500000US22079,"Rapides Parish, Louisiana",51365,1767,3079,3777,1039,5965,1994,542,2382,4259,17537,2432,2811,3781
0500000US22097,"St. Landry Parish, Louisiana",31189,1969,2993,1911,650,4417,1679,389,1462,2485,8318,2311,1073,1532
0500000US22103,"St. Tammany Parish, Louisiana",107538,2255,10317,7671,3965,14092,6051,1134,7722,10019,24095,8953,3614,7650
0500000US22105,"Tangipahoa Parish, Louisiana",49329,1384,4413,4429,2032,6321,1605,360,1557,3154,13808,5277,2214,2775
0500000US22109,"Terrebonne Parish, Louisiana",47441,7104,3027,3757,1350,6530,2491,335,2651,2678,9263,3508,3383,1364
0500000US23001,"Androscoggin County, Maine",49715,352,4181,4911,2486,7814,2057,866,3291,4604,14407,1930,1155,1661
0500000US23003,"Aroostook County, Maine",31599,1467,991,3608,901,4520,1202,606,1098,1910,9950,2255,1218,1873
0500000US23005,"Cumberland County, Maine",150577,1669,7873,10215,4481,17314,5094,3613,13500,17526,44564,13798,6344,4586
0500000US23011,"Kennebec County, Maine",58096,618,3701,5383,1165,7807,2706,1816,2423,5116,15365,3660,3097,5239
0500000US23019,"Penobscot County, Maine",74367,1754,4237,4616,2071,9536,3244,1321,3702,5753,24796,7433,2842,3062
0500000US23031,"York County, Maine",98653,1069,6792,12472,2488,12553,4336,1471,7288,8890,24926,8030,4405,3933
0500000US24001,"Allegany County, Maryland",28614,338,2478,2701,418,2992,1744,710,1059,2072,8381,1965,1384,2372
0500000US24003,"Anne Arundel County, Maryland",271502,725,18854,17226,7482,30011,11091,6267,17671,38785,52913,19627,14008,36842
0500000US24005,"Baltimore County, Maryland",402467,1134,21815,22328,9439,42428,19564,9435,37367,45231,112151,28635,18309,34631
0500000US24009,"Calvert County, Maryland",45769,52,4464,1978,1121,4654,2296,549,1920,4432,10511,3875,2508,7409
0500000US24013,"Carroll County, Maryland",88602,555,8805,6660,2524,11631,2576,2498,5619,9839,21387,5190,5063,6255
0500000US24015,"Cecil County, Maryland",48061,496,3989,5509,1005,5847,2837,634,2274,3716,11599,3943,2160,4052
0500000US24017,"Charles County, Maryland",72817,97,5693,2066,813,6835,3979,1309,3408,11771,12085,4878,4355,15528
0500000US24021,"Frederick County, Maryland",122171,766,10370,7113,3405,10202,4240,3225,10329,21366,25428,7598,5460,12669
0500000US24025,"Harford County, Maryland",122596,644,9367,10255,3628,14900,4757,2843,7954,15289,29082,5830,4790,13257
0500000US24027,"Howard County, Maryland",153643,581,7973,6895,4075,12861,4484,3985,10314,32194,33287,10716,5860,20418
0500000US24031,"Montgomery County, Maryland",523864,999,30963,15790,6021,41531,10476,16346,32943,111816,114768,45371,36984,59856
0500000US24033,"Prince George's County, Maryland",447846,1042,33692,12940,4560,37601,24149,9807,22175,68340,98554,38259,28016,68711
0500000US24037,"St. Mary's County, Maryland",51675,433,4265,2707,808,4598,2072,737,1284,8303,8957,4817,1706,10988
0500000US24043,"Washington County, Maryland",68703,641,5515,7426,2090,8608,3417,1447,6019,7760,15061,4125,2203,4391
0500000US24045,"Wicomico County, Maryland",46996,670,3235,4896,675,6369,2365,864,2607,2957,12581,4561,2196,3020
0500000US24510,"Baltimore city, Maryland",263839,270,14152,16569,4652,21288,14767,5919,15678,29178,79297,23843,12515,25711
0500000US25001,"Barnstable County, Massachusetts",96547,850,8302,4397,1499,12100,3833,1657,6388,12994,23220,10434,5918,4955
0500000US25003,"Berkshire County, Massachusetts",61667,400,4039,5883,1273,7547,1832,1351,2722,5408,18727,7537,2604,2344
0500000US25005,"Bristol County, Massachusetts",255481,944,18037,26588,10988,35247,10316,4415,15246,22926,67287,21234,12292,9961
0500000US25009,"Essex County, Massachusetts",364731,1856,16764,40285,9575,42144,14922,10194,26697,45013,95513,32267,15716,13785
0500000US25011,"Franklin County, Massachusetts",37972,928,3094,4140,918,4174,1541,1657,1154,2703,10543,3697,2023,1400
0500000US25013,"Hampden County, Massachusetts",199800,1214,10321,25245,5141,22886,10122,4545,13515,14123,57321,15840,9837,9690
0500000US25015,"Hampshire County, Massachusetts",79275,324,3576,7263,617,9411,2504,1244,3723,5814,32894,5582,2581,3742
0500000US25017,"Middlesex County, Massachusetts",789816,2295,37534,69860,16696,73318,22669,26612,56665,143440,220500,55775,35091,29361
0500000US25021,"Norfolk County, Massachusetts",340104,262,16370,24118,7921,38855,11599,9177,37195,49794,95399,22591,14304,12519
0500000US25023,"Plymouth County, Massachusetts",238446,1135,16692,17572,7790,30781,9623,4894,21972,24107,61657,19147,10219,12857
0500000US25025,"Suffolk County, Massachusetts",364771,566,15045,18708,8183,31148,12792,10944,33988,52496,102567,44532,16983,16819
0500000US25027,"Worcester County, Massachusetts",381625,2179,19506,56328,10060,41093,15674,7357,23046,39442,105852,27658,16615,16815
0500000US26005,"Allegan County, Michigan",48467,1462,3837,10586,2402,6656,2085,174,1757,3143,8752,4049,2271,1293
0500000US26017,"Bay County, Michigan",47467,368,2711,5628,1775,7430,2275,740,2072,3721,12717,3462,2448,2120
0500000US26021,"Berrien County, Michigan",66786,1598,2817,12621,1217,8155,4350,866,2673,4608,16464,6235,3532,1650
0500000US26025,"Calhoun County, Michigan",56454,645,3173,11603,1200,6366,2930,409,2211,4332,12910,4726,3736,2213
0500000US26037,"Clinton County, Michigan",35183,1199,1369,3372,1033,2756,2186,230,2907,1871,9566,2562,2728,3404
0500000US26045,"Eaton County, Michigan",50052,555,3194,6829,1213,4524,2281,265,4073,3586,11770,3598,2420,5744
0500000US26049,"Genesee County, Michigan",151813,639,6470,20881,4109,21814,7601,1318,7935,12208,39334,15324,8328,5852
0500000US26055,"Grand Traverse County, Michigan",40899,572,3317,3541,856,5854,2080,415,2967,2852,8882,5689,2125,1749
0500000US26065,"Ingham County, Michigan",127740,1500,4354,12674,1788,13882,4290,3447,8149,10860,38559,12654,6133,9450
0500000US26073,"Isabella County, Michigan",31625,1159,1297,2592,346,4888,661,502,1217,1593,8595,6446,1160,1169
0500000US26075,"Jackson County, Michigan",62770,313,3283,11902,1643,8184,2804,1446,2549,4362,14457,6716,2567,2544
0500000US26077,"Kalamazoo County, Michigan",114209,1497,3825,20035,3336,14024,3581,1019,6904,9616,30520,12717,4782,2353
0500000US26081,"Kent County, Michigan",277457,2494,13628,48529,12263,32505,9398,5422,18012,28967,62440,23825,13908,6066
0500000US26087,"Lapeer County, Michigan",35856,962,2717,9546,598,3932,1263,209,1459,2862,6569,2661,1943,1135
0500000US26091,"Lenawee County, Michigan",42432,1157,1692,7156,517,5074,1885,838,1661,2599,11396,3626,3133,1698
0500000US26093,"Livingston County, Michigan",84780,1409,6107,14745,2582,9358,3172,1219,5195,7210,20409,7378,3002,2994
0500000US26099,"Macomb County, Michigan",368730,433,17082,69927,9684,47909,12468,6125,22810,35524,78861,34144,18223,15540
0500000US26103,"Marquette County, Michigan",30213,1738,1757,1596,554,4012,1529,609,1332,1441,9241,3634,981,1789
0500000US26111,"Midland County, Michigan",36391,364,2546,8321,1095,3542,1133,375,1673,2066,9639,3054,1727,856
0500000US26115,"Monroe County, Michigan",66791,537,3346,13004,2386,7473,4303,529,2181,5626,15347,6554,3117,2388
0500000US26121,"Muskegon County, Michigan",67493,2477,2862,14111,1384,8172,2237,713,1819,4179,15629,6518,4345,3047
0500000US26125,"Oakland County, Michigan",557752,1084,22054,90859,15869,58528,15989,11829,44975,74339,134944,46696,24601,15985
0500000US26139,"Ottawa County, Michigan",124574,2036,6783,26705,3844,14719,4926,1622,5984,9360,28991,10755,5608,3241
0500000US26145,"Saginaw County, Michigan",79870,797,2677,13343,2212,12055,2658,1145,4109,5691,19657,8160,4400,2966
0500000US26147,"St. Clair County, Michigan",65647,601,3662,12977,742,8561,2767,902,2784,4158,15474,6853,3368,2798
0500000US26155,"Shiawassee County, Michigan",31051,332,1746,5452,774,4563,1456,143,1108,1804,7750,2413,2236,1274
0500000US26159,"Van Buren County, Michigan",32749,1781,1548,6546,1159,3927,1408,621,1543,1991,7102,2452,1409,1262
0500000US26161,"Washtenaw County, Michigan",167616,545,4175,16874,2213,16036,4364,4173,9252,18269,66037,13968,6867,4843
0500000US26163,"Wayne County, Michigan",661178,2755,23920,101461,16069,74354,38888,11845,37312,65592,160267,69892,31112,27711
0500000US27003,"Anoka County, Minnesota",171764,820,12175,27706,5384,22603,9337,2483,11737,15376,39744,11708,7380,5311
0500000US27019,"Carver County, Minnesota",47361,981,1865,7104,1743,5926,1344,1126,4603,6303,10296,2884,2170,1016
0500000US27037,"Dakota County, Minnesota",208891,1460,9189,24685,7376,25646,12564,5657,21667,23582,44479,14901,9820,7865
0500000US27053,"Hennepin County, Minnesota",598728,2916,22073,72536,18964,72999,20918,13225,56623,80546,142415,53372,25501,16640
0500000US27109,"Olmsted County, Minnesota",77173,896,3278,7023,1398,7387,2087,1529,2483,5230,33838,6132,3366,2526
0500000US27123,"Ramsey County, Minnesota",251582,1556,8281,30752,7308,27690,8942,6262,19148,29852,69093,20579,11662,10457
0500000US27137,"St. Louis County, Minnesota",92230,2667,5416,6420,1511,9596,5288,1292,4803,6309,30341,10301,3731,4555
0500000US27139,"Scott County, Minnesota",69958,631,3330,9393,2518,9234,3342,1100,6283,9840,12170,7497,2971,1649
0500000US27141,"Sherburne County, Minnesota",43194,473,3384,7860,1189,5838,2671,422,1619,3292,9724,2600,2383,1739
0500000US27145,"Stearns County, Minnesota",78767,2653,5237,11109,2539,8909,3633,873,4013,5461,20351,7709,3356,2924
0500000US27163,"Washington County, Minnesota",125512,755,5843,17379,2936,14608,5446,3530,14726,11540,27563,10059,4781,6346
0500000US27171,"Wright County, Minnesota",65917,1058,5508,10857,2634,7700,3108,697,4292,4903,15279,4722,3073,2086
0500000US28033,"DeSoto County, Mississippi",75804,485,5795,6926,3288,7926,8747,926,3129,5232,15225,10559,3868,3698
0500000US28035,"Forrest County, Mississippi",29463,693,3004,2376,759,2477,1113,84,2176,2077,8219,3362,1528,1595
0500000US28047,"Harrison County, Mississippi",82465,787,5699,5115,1305,9428,3678,1905,4807,5979,17022,15745,4477,6518
0500000US28049,"Hinds County, Mississippi",103265,943,6520,6705,2237,10935,6029,3068,5022,7023,28541,10329,5985,9928
0500000US28059,"Jackson County, Mississippi",57827,1540,3488,10976,451,7387,2601,699,2267,4416,11304,8848,1255,2595
0500000US28067,"Jones County, Mississippi",26424,1563,1477,5285,1046,3505,952,157,757,1187,5074,1610,2406,1405
0500000US28075,"Lauderdale County, Mississippi",28414,105,1096,2356,1327,3636,1201,864,867,1308,8832,2413,1951,2458
0500000US28081,"Lee County, Mississippi",33545,115,1703,7118,1311,5366,627,386,2927,1318,7949,2306,1706,713
0500000US28089,"Madison County, Mississippi",46327,595,2799,2879,1644,4929,1734,1114,3431,4249,14319,3836,1615,3183
0500000US28121,"Rankin County, Mississippi",66880,422,4716,4606,2489,8307,4876,2101,4624,6046,17179,3455,3639,4420
0500000US29019,"Boone County, Missouri",82780,784,3100,3194,1937,11671,2518,2324,5344,6460,30950,7114,3077,4307
0500000US29021,"Buchanan County, Missouri",38993,489,2133,6864,1015,3936,2352,693,2494,1590,9065,4002,2353,2007
0500000US29031,"Cape Girardeau County, Missouri",36869,289,2928,3875,1239,4748,1167,530,1708,2606,11195,3924,1137,1523
0500000US29037,"Cass County, Missouri",47591,480,3898,5167,2231,5867,2540,1321,2991,4859,9369,3202,3205,2461
0500000US29043,"Christian County, Missouri",36480,172,2044,2586,1132,5430,1376,553,2755,2990,9884,3045,3061,1452
0500000US29047,"Clay County, Missouri",112365,277,5461,12243,4598,13002,7778,3497,10540,11968,23117,10447,4297,5140
0500000US29051,"Cole County, Missouri",37382,531,2786,1471,708,3617,1893,1522,2868,2784,7371,3628,1654,6549
0500000US29071,"Franklin County, Missouri",45291,530,3979,9308,773,4612,2504,471,2285,3489,9368,4357,1952,1663
0500000US29077,"Greene County, Missouri",127848,562,6159,8969,4087,17642,5810,3134,7468,11014,36633,14322,7676,4372
0500000US29095,"Jackson County, Missouri",317318,949,18028,27921,10226,33326,16084,9531,26880,39422,69977,31718,16466,16790
0500000US29097,"Jasper County, Missouri",53753,1005,3204,8580,1379,7800,2891,1222,2129,2919,12861,5966,2672,1125
0500000US29099,"Jefferson County, Missouri",104972,295,9998,11687,2034,12273,6343,1847,9229,11226,20505,8447,7351,3737
0500000US29165,"Platte County, Missouri",47965,486,2174,5319,1413,5941,3843,1515,4169,5296,9573,3187,1896,3153
0500000US29183,"St. Charles County, Missouri",183021,1476,11997,23784,6027,23316,7955,3880,18062,19141,37559,16770,6959,6095
0500000US29187,"St. Francois County, Missouri",23221,302,1473,2631,463,3232,1193,96,932,917,8096,1104,617,2165
0500000US29189,"St. Louis County, Missouri",480733,2255,19257,49696,16095,54447,19315,13292,44451,57289,124380,43831,21809,14616
0500000US29510,"St. Louis city, Missouri",143572,190,5094,11090,2965,13080,6670,4825,8841,15818,39784,20117,6386,8712
0500000US30013,"Cascade County, Montana",36653,944,3937,1131,813,4802,1597,717,2963,2258,8150,4017,1518,3806
0500000US30029,"Flathead County, Montana",40831,1165,3497,3225,857,6544,2017,533,2357,3622,7977,6173,1855,1009
0500000US30031,"Gallatin County, Montana",46520,1245,4432,2514,1183,5507,1551,384,2241,5448,10935,7157,2497,1426
0500000US30063,"Missoula County, Montana",56935,1036,3750,1890,1189,8252,2309,2617,3108,5359,15895,7233,2056,2241
0500000US30111,"Yellowstone County, Montana",75790,3287,5827,3296,4233,9479,4998,1091,4154,6885,16758,7727,4719,3336
0500000US31055,"Douglas County, Nebraska",266557,1758,14446,22006,7133,32352,13054,7410,28532,32266,65364,24080,11347,6809
0500000US31109,"Lancaster County, Nebraska",151319,1668,8964,13002,3872,17238,6030,3549,13382,13725,40424,13840,6899,8726
0500000US31153,"Sarpy County, Nebraska",83285,479,4041,5685,2934,9010,4841,2104,9062,10030,20821,6765,2737,4776
0500000US32003,"Clark County, Nevada",872794,3309,56744,29212,17698,100242,39735,14636,55671,96050,124884,254286,41909,38418
0500000US32031,"Washoe County, Nevada",193408,1519,10432,10983,7021,26127,9791,3511,11635,20824,38583,34314,8508,10160
0500000US33005,"Cheshire County, New Hampshire",38857,428,2482,4200,1580,4419,1771,751,2468,1955,12543,3483,2032,745
0500000US33009,"Grafton County, New Hampshire",44916,782,3410,4179,702,6412,958,648,1551,3292,15096,5177,1165,1544
0500000US33011,"Hillsborough County, New Hampshire",210628,1340,14004,33246,6283,25159,8852,4029,15618,24583,49022,13347,7611,7534
0500000US33013,"Merrimack County, New Hampshire",76317,487,5291,7561,2641,10265,2917,1282,4323,6964,19947,5843,4079,4717
0500000US33015,"Rockingham County, New Hampshire",159582,1080,11024,20342,6718,23410,7034,4129,10741,16780,34526,11550,7147,5101
0500000US33017,"Strafford County, New Hampshire",64209,910,3423,7031,1696,9855,1672,1109,4341,5890,17189,5618,2846,2629
0500000US34001,"Atlantic County, New Jersey",126545,600,6973,4574,2577,13827,5374,1590,7248,9414,27902,35127,5395,5944
0500000US34003,"Bergen County, New Jersey",438302,919,24897,40015,19216,47458,22703,16169,45159,58730,99084,28699,20540,14713
0500000US34005,"Burlington County, New Jersey",218844,882,11393,18488,7951,24035,11788,4439,18360,25635,53075,13912,10274,18612
0500000US34007,"Camden County, New Jersey",238746,473,12733,16372,7763,28212,13560,4424,16998,28238,68154,19928,11225,10666
0500000US34009,"Cape May County, New Jersey",43681,428,3898,1337,1017,5529,1359,357,2762,3912,9769,7024,2864,3425
0500000US34011,"Cumberland County, New Jersey",62728,2153,4148,7867,1445,6789,2956,704,2203,5305,18850,3954,2324,4030
0500000US34013,"Essex County, New Jersey",344146,839,19412,21063,8192,33180,24477,11875,31756,44064,89318,25779,17380,16811
0500000US34015,"Gloucester County, New Jersey",140392,400,8065,13392,6085,18181,8567,2455,10326,15812,37053,8958,5680,5418
0500000US34017,"Hudson County, New Jersey",312480,88,17452,25036,12919,31641,24887,10909,34463,42737,60295,23187,16461,12405
0500000US34019,"Hunterdon County, New Jersey",62763,655,3617,7711,1670,6822,2222,2317,6033,8552,14680,4034,1961,2489
0500000US34021,"Mercer County, New Jersey",175496,1041,6524,16492,4788,15887,7626,4102,15125,22924,45499,12747,7923,14818
0500000US34023,"Middlesex County, New Jersey",392654,628,18052,39615,17826,43951,26800,12486,36177,52832,83080,29705,15450,16052
0500000US34025,"Monmouth County, New Jersey",305172,1043,16060,20781,10399,33644,14981,13058,33142,39280,70468,24158,11999,16159
0500000US34027,"Morris County, New Jersey",242762,605,13025,29462,8531,24489,11615,10352,26164,33295,55177,12728,8589,8730
0500000US34029,"Ocean County, New Jersey",240290,813,18437,15388,7462,32590,13194,5708,14989,22030,61378,22428,11712,14161
0500000US34031,"Passaic County, New Jersey",223928,106,12406,30737,9361,27233,10168,5816,17055,25463,50431,16915,11461,6776
0500000US34033,"Salem County, New Jersey",27213,421,2399,3359,1100,3088,2222,314,1497,3184,5298,1369,1499,1463
0500000US34035,"Somerset County, New Jersey",166170,419,8430,22572,3857,16233,5939,6392,18836,24680,38417,9145,6519,4731
0500000US34037,"Sussex County, New Jersey",73343,674,5495,7922,2303,8536,3791,2074,6642,7963,16268,6629,2033,3013
0500000US34039,"Union County, New Jersey",255497,177,17557,24870,10869,25990,18211,7394,21793,29021,53596,19342,13531,13146
0500000US34041,"Warren County, New Jersey",52725,455,4238,7013,913,6165,3362,971,3578,5144,11081,4030,2320,3455
0500000US35001,"Bernalillo County, New Mexico",313133,2402,22197,14327,7556,38113,11667,6814,14235,42501,79301,34732,12892,26396
0500000US35005,"Chaves County, New Mexico",28318,2730,2718,1908,782,3708,1086,203,846,1435,7612,1769,1322,2199
0500000US35013,"Do?a Ana County, New Mexico",84796,2413,6236,4489,1057,8706,4520,2151,3379,8062,24745,7929,3968,7141
0500000US35031,"McKinley County, New Mexico",23539,278,1698,2603,754,3348,373,424,868,786,7125,2297,1578,1407
0500000US35043,"Sandoval County, New Mexico",57074,727,4096,5010,1376,7496,2312,747,3265,5656,12803,6102,2035,5449
0500000US35045,"San Juan County, New Mexico",50157,5872,3263,2398,713,5613,4805,535,1461,2729,11718,5236,2222,3592
0500000US35049,"Santa Fe County, New Mexico",66852,1106,4745,1317,1410,8038,1967,985,3446,9610,12996,9707,3562,7963
0500000US35061,"Valencia County, New Mexico",27459,586,3356,1554,453,3946,1847,590,1037,2952,5840,1479,1132,2687
0500000US36001,"Albany County, New York",152948,490,5607,7129,3344,16951,6140,3992,11472,15235,44276,13363,6583,18366
0500000US36005,"Bronx County, New York",524948,707,28747,18634,10342,62689,37729,10524,37711,44030,166086,55189,34473,18087
0500000US36007,"Broome County, New York",88506,631,4322,10395,2230,12543,2801,915,4686,8171,24238,8625,4773,4176
0500000US36009,"Cattaraugus County, New York",34550,1259,2399,4320,757,4956,1534,414,1290,2202,9236,2730,1270,2183
0500000US36011,"Cayuga County, New York",36971,1473,1977,5162,806,5018,1833,442,1419,2325,8198,3902,1659,2757
0500000US36013,"Chautauqua County, New York",57902,1640,2424,8489,1455,6511,2266,855,1980,3496,17684,4911,3563,2628
0500000US36015,"Chemung County, New York",40394,1096,2159,5441,409,5100,1634,703,2347,2499,12723,2180,1511,2592
0500000US36019,"Clinton County, New York",34901,840,2695,4492,553,4598,1811,524,1448,1790,9864,2112,1334,2840
0500000US36027,"Dutchess County, New York",141561,1009,11245,11419,2787,15522,5712,3704,9043,13663,43157,11512,5860,6928
0500000US36029,"Erie County, New York",427523,1290,17979,45232,12971,51420,19075,7287,33273,41147,121163,36530,20037,20119
0500000US36045,"Jefferson County, New York",46054,317,4278,2893,718,6245,2778,666,1538,3617,10668,4332,2604,5400
0500000US36047,"Kings County, New York",1087107,1294,59330,45713,26183,103875,64291,41019,86638,135845,310555,100298,64125,47941
0500000US36051,"Livingston County, New York",30981,1738,2683,3968,351,3200,973,329,1074,2454,10173,1762,872,1404
0500000US36053,"Madison County, New York",31975,695,2075,3712,1202,2753,1547,425,1629,2840,8789,3310,1191,1807
0500000US36055,"Monroe County, New York",344863,1119,14301,43764,7425,39940,12681,8427,19513,36742,111671,24663,14166,10451
0500000US36059,"Nassau County, New York",640457,1610,34273,30254,24047,63967,34382,16473,64831,79945,187618,40088,32315,30654
0500000US36061,"New York County, New York",839414,815,13183,32507,17896,61992,21740,52409,135840,156452,194262,90641,36381,25296
0500000US36063,"Niagara County, New York",97503,1177,7239,11873,2707,12474,4501,1515,5247,8330,26215,9112,3922,3191
0500000US36065,"Oneida County, New York",101109,1309,5170,10917,1851,10960,3570,1829,8128,6714,29838,7750,3509,9564
0500000US36067,"Onondaga County, New York",220285,1283,9325,17806,6350,24936,11601,5126,15178,21421,66003,19550,12827,8879
0500000US36069,"Ontario County, New York",54703,1378,3149,9404,1605,5791,1226,995,2789,4717,15218,4713,2435,1283
0500000US36071,"Orange County, New York",166479,2216,11649,12314,6266,21603,9230,3832,9425,14725,46585,11861,5515,11258
0500000US36075,"Oswego County, New York",52866,865,3889,6300,1816,6300,4408,713,1861,3433,13606,4605,2676,2394
0500000US36079,"Putnam County, New York",44968,68,3706,3216,1327,3387,1957,1594,3329,7059,13102,2381,1900,1942
0500000US36081,"Queens County, New York",1047992,1469,69941,47429,31841,115464,83492,27119,89668,103950,239349,117255,73766,47249
0500000US36083,"Rensselaer County, New York",78930,337,4703,5100,2048,8997,3808,1015,4904,7485,21795,6512,3239,8987
0500000US36085,"Richmond County, New York",199327,198,14859,6854,2885,20115,13274,5690,21756,19756,57897,11295,9892,14856
0500000US36087,"Rockland County, New York",140341,92,7738,10044,3669,15088,5253,4178,9303,17689,45795,7029,7330,7133
0500000US36089,"St. Lawrence County, New York",45409,1861,2962,2795,686,5050,1324,946,2144,2435,15467,3359,2011,4369
0500000US36091,"Saratoga County, New York",112618,361,6916,9141,2930,14121,3774,2176,8344,12060,29309,10840,5022,7624
0500000US36093,"Schenectady County, New York",73056,180,2312,4214,1443,10191,3404,1705,6115,6652,20326,5485,4426,6603
0500000US36101,"Steuben County, New York",43318,1832,2999,9226,738,4324,1972,529,1356,2069,11456,3049,2078,1690
0500000US36103,"Suffolk County, New York",720726,2164,56469,55922,25800,87305,40414,20802,51642,77995,183819,46082,31567,40745
0500000US36105,"Sullivan County, New York",33030,834,3656,2431,752,4401,1862,859,1837,2689,7652,2765,1543,1749
0500000US36109,"Tompkins County, New York",48498,801,1658,2394,277,3502,1203,734,1382,4997,23612,5043,1601,1294
0500000US36111,"Ulster County, New York",84462,855,5183,5487,1636,12713,3900,1431,4139,7654,23560,6600,6329,4975
0500000US36113,"Warren County, New York",31139,469,2222,2225,652,3641,1273,1362,1490,2199,7697,4689,1639,1581
0500000US36117,"Wayne County, New York",45451,1639,2963,9642,1133,4341,1363,538,1599,3539,12011,2889,2430,1364
0500000US36119,"Westchester County, New York",455939,671,30406,19320,11915,39865,18487,14139,50568,61344,129654,35588,27380,16602
0500000US37001,"Alamance County, North Carolina",66788,922,4315,10750,1209,8337,1978,835,3889,6402,16073,6118,2570,3390
0500000US37019,"Brunswick County, North Carolina",41791,276,5387,2901,744,6937,2097,745,3108,3773,7626,4573,1782,1842
0500000US37021,"Buncombe County, North Carolina",111444,1369,6694,8836,2996,13501,1450,1587,6432,12511,32483,13576,4656,5353
0500000US37023,"Burke County, North Carolina",38151,233,2302,8866,984,2857,1903,351,712,2144,10742,3175,1795,2087
0500000US37025,"Cabarrus County, North Carolina",77476,228,5576,8482,1964,8802,3780,1712,8022,8124,17356,6973,3937,2520
0500000US37027,"Caldwell County, North Carolina",32744,458,1273,7473,1616,3444,2216,306,813,1177,7946,1918,2293,1811
0500000US37031,"Carteret County, North Carolina",31115,480,2992,1806,1293,3857,1101,56,2560,2558,6287,4119,1103,2903
0500000US37035,"Catawba County, North Carolina",70179,589,4036,16820,3536,8314,3884,490,3058,4179,12905,5610,4390,2368
0500000US37045,"Cleveland County, North Carolina",39686,1040,2190,7744,915,5996,1936,157,1835,3127,8417,3412,1789,1128
0500000US37049,"Craven County, North Carolina",37167,530,2662,3569,250,2970,2007,720,1479,2284,8149,4330,2302,5915
0500000US37051,"Cumberland County, North Carolina",118665,1067,7687,8116,1915,14756,5028,1406,4081,9828,34486,11613,6835,11847
0500000US37057,"Davidson County, North Carolina",71092,178,3982,14799,1491,9531,3620,1151,3468,5337,16089,5761,3277,2408
0500000US37063,"Durham County, North Carolina",128308,741,8204,6370,2397,9274,4346,3021,7056,19019,44697,10876,6978,5329
0500000US37067,"Forsyth County, North Carolina",156458,401,9593,18428,6150,16880,6065,2006,10562,16118,43094,15330,7335,4496
0500000US37071,"Gaston County, North Carolina",82205,96,4800,14765,3347,10042,4661,659,4262,6596,17652,7491,5063,2771
0500000US37081,"Guilford County, North Carolina",224194,722,11536,28502,9802,27005,9627,4682,16934,22658,52433,22962,11039,6292
0500000US37085,"Harnett County, North Carolina",43834,786,3908,4451,617,6009,1741,404,2105,4258,10104,3685,1460,4306
0500000US37089,"Henderson County, North Carolina",43065,411,2095,4840,670,6568,1754,162,2635,4701,10406,3912,2318,2593
0500000US37097,"Iredell County, North Carolina",66675,854,4258,12766,2483,10851,2287,1376,3997,4838,12892,6426,2200,1447
0500000US37101,"Johnston County, North Carolina",77471,827,6849,9131,3297,9889,3746,1472,5545,7151,14736,5028,3211,6589
0500000US37109,"Lincoln County, North Carolina",33558,323,2996,5670,1054,3980,3027,535,2374,2185,6325,2857,1353,879
0500000US37119,"Mecklenburg County, North Carolina",445716,429,29969,38831,16776,52531,25589,12104,54496,54248,82440,43585,24148,10570
0500000US37125,"Moore County, North Carolina",33566,697,2586,2724,677,4305,769,130,1596,2854,9343,4148,2126,1611
0500000US37127,"Nash County, North Carolina",42790,568,2542,7479,1504,5688,1789,1130,3320,2439,9395,3385,1834,1717
0500000US37129,"New Hanover County, North Carolina",96896,171,6678,6084,3004,12148,3679,3053,5265,10508,24367,13117,5648,3174
0500000US37133,"Onslow County, North Carolina",55285,439,4102,2365,236,6470,2310,766,3112,4890,12253,7939,2318,8085
0500000US37135,"Orange County, North Carolina",64273,493,4034,3269,937,6765,1067,875,3172,6742,24187,7145,3539,2048
0500000US37147,"Pitt County, North Carolina",80520,942,5523,7452,2902,9481,2746,1266,4121,5442,25498,7827,4529,2791
0500000US37151,"Randolph County, North Carolina",62781,1501,4813,17595,1500,7449,2487,521,2662,4442,11236,4377,2866,1332
0500000US37155,"Robeson County, North Carolina",44599,1158,4871,7188,752,4844,2082,191,2315,1767,11694,3123,2021,2593
0500000US37157,"Rockingham County, North Carolina",38656,406,1984,10303,895,4793,1859,62,2069,2618,7699,2079,2090,1799
0500000US37159,"Rowan County, North Carolina",58312,872,5140,7419,2673,9820,3351,410,1880,3353,13624,4637,2760,2373
0500000US37161,"Rutherford County, North Carolina",24827,204,1233,5439,574,2959,1288,284,1342,1390,6571,1596,1310,637
0500000US37171,"Surry County, North Carolina",31605,180,3372,4486,1024,3631,1116,438,1964,2219,8036,1600,2218,1321
0500000US37179,"Union County, North Carolina",94191,1787,7713,13632,2496,11223,3729,2323,8878,9650,17679,5786,5786,3509
0500000US37183,"Wake County, North Carolina",448710,1525,24783,38715,14416,51145,17584,11500,29963,73272,95599,41681,21437,27090
0500000US37191,"Wayne County, North Carolina",51470,2886,2710,7907,2312,6397,1844,781,1641,2656,11874,3296,3014,4152
0500000US37193,"Wilkes County, North Carolina",26578,501,1701,4159,944,5103,696,280,1599,1395,6411,1877,933,979
0500000US37195,"Wilson County, North Carolina",32301,1392,2076,5580,1500,3258,1059,320,2114,2480,7513,2259,1300,1450
0500000US38015,"Burleigh County, North Dakota",44104,1343,3760,1733,1409,5617,2529,601,2599,4157,11630,2928,1746,4052
0500000US38017,"Cass County, North Dakota",90256,1640,6000,8270,3496,10978,3479,1890,7381,8179,21373,9037,5514,3019
0500000US38035,"Grand Forks County, North Dakota",36134,1307,2472,2504,885,4306,1539,549,1497,2207,11558,4514,1487,1309
0500000US39003,"Allen County, Ohio",44717,740,2368,9162,1653,5691,1314,565,1551,3587,10459,3705,2189,1733
0500000US39007,"Ashtabula County, Ohio",43330,575,2713,9000,886,5813,3042,519,1117,2166,10766,2702,2557,1474
0500000US39013,"Belmont County, Ohio",29135,1246,1992,2047,543,3919,1671,808,1496,1431,7954,2930,1289,1809
0500000US39017,"Butler County, Ohio",170645,925,7488,29696,5411,20642,7990,2018,11222,17735,39673,15392,6237,6216
0500000US39023,"Clark County, Ohio",57900,673,2540,7467,2591,7505,2286,433,3132,3334,15563,6473,2524,3379
0500000US39025,"Clermont County, Ohio",94269,367,4968,15309,2180,13137,4158,1064,8110,9196,20232,7645,5037,2866
0500000US39029,"Columbiana County, Ohio",43698,726,2473,7067,1033,5753,3083,949,1650,3003,10735,4372,1842,1012
0500000US39035,"Cuyahoga County, Ohio",572933,846,21072,66614,15753,61488,26727,10726,45583,61891,159409,50674,27610,24540
0500000US39041,"Delaware County, Ohio",85536,765,3364,7860,2859,9178,3111,2379,10059,11056,21887,5660,3255,4103
0500000US39043,"Erie County, Ohio",35269,448,1995,5165,474,5121,971,318,1322,1941,8547,5556,1995,1416
0500000US39045,"Fairfield County, Ohio",69450,445,4665,5495,2760,8767,6216,1239,5056,4908,16081,5787,3701,4330
0500000US39049,"Franklin County, Ohio",573927,1713,22494,43348,17964,76223,26838,12388,58703,64208,139776,52209,26158,31905
0500000US39055,"Geauga County, Ohio",44238,115,3951,7751,1156,4625,1530,434,3297,4128,9696,3727,2665,1163
0500000US39057,"Greene County, Ohio",70013,1401,2655,7078,1748,8119,2993,1359,4257,7450,18016,5193,2797,6947
0500000US39061,"Hamilton County, Ohio",367321,90,16255,43665,10360,44451,14392,7108,26333,43316,95001,37319,16109,12922
0500000US39063,"Hancock County, Ohio",36192,684,1775,9869,798,4289,1178,40,1588,3185,6964,3433,1215,1174
0500000US39081,"Jefferson County, Ohio",28107,540,1352,3907,676,4194,1999,288,1219,1287,6629,3561,1753,702
0500000US39085,"Lake County, Ohio",114195,769,6511,22370,3486,13154,4292,1588,8826,10149,25628,9348,4670,3404
0500000US39089,"Licking County, Ohio",78762,602,6134,9284,1656,8317,4836,1076,8055,5956,18761,6222,2616,5247
0500000US39093,"Lorain County, Ohio",135796,568,8176,24257,3403,14513,6537,3265,6784,12307,32596,11385,6211,5794
0500000US39095,"Lucas County, Ohio",193662,528,8059,26569,5539,22673,11391,2892,9846,18235,51170,20140,9904,6716
0500000US39099,"Mahoning County, Ohio",96464,564,4878,12497,2773,12875,4222,2476,5296,6983,27509,8224,4426,3741
0500000US39101,"Marion County, Ohio",28388,584,1598,7025,629,3579,898,308,878,1956,6867,1785,1506,775
0500000US39103,"Medina County, Ohio",87569,644,5980,13762,2986,10042,5211,2169,6485,7713,19247,5607,3199,4524
0500000US39109,"Miami County, Ohio",46748,222,2865,10591,972,6222,1489,544,1119,4109,10339,3911,2799,1566
0500000US39113,"Montgomery County, Ohio",231879,324,11005,26986,5474,28750,10211,6414,13058,23130,61591,22357,9413,13166
0500000US39119,"Muskingum County, Ohio",36808,522,3619,5265,1179,6226,1996,377,1663,2599,8460,2838,1211,853
0500000US39133,"Portage County, Ohio",77333,209,4384,14349,2631,8866,2605,2198,3166,5798,18759,8623,3279,2466
0500000US39139,"Richland County, Ohio",51205,590,2060,11393,1548,6063,2122,715,1916,3924,10809,3545,1994,4526
0500000US39141,"Ross County, Ohio",27736,685,738,3958,802,2901,1761,680,819,1325,7843,2837,1190,2197
0500000US39145,"Scioto County, Ohio",27533,401,1715,3695,392,3114,1172,396,1189,1013,8956,2060,1326,2104
0500000US48091,"Comal County, Texas",50126,611,5606,4170,1450,7554,2477,1215,3082,4111,10593,4292,2327,2638
0500000US48099,"Coryell County, Texas",23939,182,1243,643,544,1995,1417,208,1048,2701,5429,1566,943,6020
0500000US48113,"Dallas County, Texas",1107409,7371,101760,110618,28738,117273,64592,27332,107710,144022,199218,101238,64829,32708
0500000US48121,"Denton County, Texas",348902,4195,16422,32115,11161,40634,18865,11957,37025,47079,72276,30318,18198,8657
0500000US48135,"Ector County, Texas",62517,7202,3658,5103,2692,7764,3811,1189,3654,4007,11630,5110,4766,1931
0500000US48139,"Ellis County, Texas",69135,728,6351,9590,2041,6738,3970,1422,4887,4543,16195,6463,3722,2485
0500000US48141,"El Paso County, Texas",304833,2587,20692,21922,8040,40150,20144,9301,13717,29620,74740,25755,14819,23346
0500000US48157,"Fort Bend County, Texas",276190,11304,16695,26673,8989,32434,12109,4591,19489,36916,65173,17601,14084,10132
0500000US48167,"Galveston County, Texas",139605,2072,12165,15152,3492,11808,8910,2310,9593,15530,32418,13625,5902,6628
0500000US48181,"Grayson County, Texas",52118,1889,4017,8933,1003,5154,1701,204,3445,4014,12837,4773,2467,1681
0500000US48183,"Gregg County, Texas",52629,3069,3807,6506,2346,5161,2244,559,2377,5321,10485,6566,2953,1235
0500000US48187,"Guadalupe County, Texas",63170,1056,4337,6255,1797,10028,2292,895,2410,5097,14458,5366,3188,5991
0500000US48201,"Harris County, Texas",1903488,51200,189374,200240,66415,211396,121042,25551,106098,243663,358369,160442,111554,58144
0500000US48203,"Harrison County, Texas",28664,2225,2689,2652,995,2758,1985,172,2429,1719,5840,2354,1900,946
0500000US48209,"Hays County, Texas",73010,559,5608,5128,1965,10147,3375,1289,3513,7780,19514,5688,4192,4252
0500000US48213,"Henderson County, Texas",30631,1198,3161,2371,705,3264,1718,453,3038,1884,6087,3797,1612,1343
0500000US48215,"Hidalgo County, Texas",278649,8941,20905,14005,8340,39925,11765,4201,11678,22033,88723,22651,15456,10026
0500000US48231,"Hunt County, Texas",36463,911,3192,5984,1112,3460,1961,414,1747,3825,7295,3287,2037,1238
0500000US48245,"Jefferson County, Texas",100420,2291,9595,10147,2674,12081,4248,1287,4466,9859,24461,9232,5703,4376
0500000US48251,"Johnson County, Texas",67377,3287,5790,10357,1829,7023,4054,663,3703,4613,15678,3676,2638,4066
0500000US48257,"Kaufman County, Texas",47829,252,4779,5885,2290,5090,2782,798,3311,4046,10221,3151,2422,2802
0500000US48291,"Liberty County, Texas",29830,1973,3332,3423,454,2546,2116,287,1620,1897,6198,1590,2448,1946
0500000US48303,"Lubbock County, Texas",132933,3609,9055,7409,4492,18185,4376,1977,6449,12506,38403,14636,7053,4783
0500000US48309,"McLennan County, Texas",105442,1335,6641,12532,2877,13507,3783,1953,7543,7556,28977,9845,4859,4034
0500000US48329,"Midland County, Texas",65211,12968,4636,3129,2835,7601,2957,1133,2822,4882,10431,5043,4075,2699
0500000US48339,"Montgomery County, Texas",215009,9405,21068,22061,8901,25282,15870,3405,14054,21420,38643,18884,9206,6810
0500000US48355,"Nueces County, Texas",148320,3925,9803,8384,3754,19530,8655,2300,7881,12860,39186,15680,7728,8634
0500000US48361,"Orange County, Texas",34046,441,3131,7439,572,3974,1216,197,994,3105,7671,2866,1373,1067
0500000US48367,"Parker County, Texas",49573,3474,4627,4313,1041,5666,4032,723,2371,3294,10156,3929,2995,2952
0500000US48375,"Potter County, Texas",55823,660,5919,5914,1444,8976,2454,840,2555,3640,11362,6410,3460,2189
0500000US48381,"Randall County, Texas",62295,863,2692,5116,2762,8967,3624,575,4779,4756,16812,3876,3827,3646
0500000US48397,"Rockwall County, Texas",37685,521,1945,4337,1674,4952,1748,992,1745,5509,8228,2681,1352,2001
0500000US48409,"San Patricio County, Texas",27880,1941,2861,1977,250,3499,1629,312,1010,1853,6562,2257,1332,2397
0500000US48423,"Smith County, Texas",96804,3485,5273,7531,3493,12990,3319,1909,5589,10117,24882,10072,4785,3359
0500000US48439,"Tarrant County, Texas",864346,8816,65169,97359,30110,96605,64465,21003,74396,88965,162329,77516,44366,33247
0500000US48441,"Taylor County, Texas",58811,994,4328,2038,2137,6560,2279,860,4485,5139,17069,5577,3710,3635
0500000US48451,"Tom Green County, Texas",45313,1980,2594,4165,1098,5626,976,996,1891,4252,12506,3867,2058,3304
0500000US48453,"Travis County, Texas",529422,2804,40546,48124,11409,56439,13867,12758,35689,81962,104911,56804,28541,35568
0500000US48469,"Victoria County, Texas",39051,2173,2604,4413,1469,5087,1812,507,2137,2758,9437,4214,1402,1038
0500000US48471,"Walker County, Texas",N,N,N,N,N,N,N,N,N,N,N,N,N,N
0500000US48479,"Webb County, Texas",99263,2685,6173,2679,4164,12304,12232,327,4107,8674,22636,8214,5971,9097
0500000US48485,"Wichita County, Texas",54933,1514,3185,4749,1243,8353,1835,1530,3184,3585,12558,4349,3946,4902
0500000US48491,"Williamson County, Texas",211294,1566,12305,24602,5974,27528,6618,3152,15451,29444,44913,15135,10932,13674
0500000US49005,"Cache County, Utah",53994,1176,2842,9652,697,7371,1538,1259,2355,4301,14603,4072,1832,2296
0500000US49011,"Davis County, Utah",135508,670,6953,14171,3320,15306,6391,2522,10055,17186,29384,8674,6511,14365
0500000US49035,"Salt Lake County, Utah",488889,3979,34171,52731,19334,59514,24161,12455,40536,56542,97374,42860,23117,22115
0500000US49049,"Utah County, Utah",213455,4005,11252,21453,4933,27748,6265,5476,12660,27976,58832,16072,9814,6969
0500000US49053,"Washington County, Utah",51780,642,4622,2370,1343,8884,2958,766,2486,4918,12742,5582,2864,1603
0500000US49057,"Weber County, Utah",105540,713,5691,17392,3959,14144,2932,1694,4623,9325,22541,7768,3966,10792
0500000US50007,"Chittenden County, Vermont",86951,801,4428,8881,1063,10878,1898,1539,4764,9983,24295,10820,3931,3670
0500000US51003,"Albemarle County, Virginia",46369,855,3104,1320,502,5272,1121,1002,3220,6700,16534,3120,2316,1303
0500000US51013,"Arlington County, Virginia",132893,128,6045,2856,1214,8164,2506,3691,7661,32569,23591,10137,10638,23693
0500000US51015,"Augusta County, Virginia",33299,875,2281,6377,590,4815,1638,631,1492,2421,6875,1885,2034,1385
0500000US51019,"Bedford County, Virginia",31643,218,2506,5156,900,4112,1406,422,1166,2580,7318,2303,2107,1449
0500000US51041,"Chesterfield County, Virginia",153477,537,10076,13200,4638,18732,7249,2368,15406,16214,35219,9026,6988,13824
0500000US51059,"Fairfax County, Virginia",582131,1052,33637,19999,7456,43621,17823,18673,41097,139634,92976,54128,35130,76905
0500000US51061,"Fauquier County, Virginia",31100,1328,2591,2636,613,3604,1010,873,571,4652,7256,1637,1442,2887
0500000US51069,"Frederick County, Virginia",36149,1758,3727,2500,1415,3936,1406,604,1620,3650,9160,2252,1403,2718
0500000US51085,"Hanover County, Virginia",50145,729,3525,3174,1543,6005,2912,910,4716,6010,10959,2887,2991,3784
0500000US51087,"Henrico County, Virginia",153357,72,7112,10400,4453,17700,6267,2183,22797,21970,31471,12998,6205,9729
0500000US51095,"James City County, Virginia",29689,0,2074,1325,443,3231,972,759,2439,3132,7107,5174,1105,1928
0500000US51107,"Loudoun County, Virginia",169495,1093,7187,6832,2167,17995,5821,7608,11108,46219,27998,13215,8230,14022
0500000US51121,"Montgomery County, Virginia",44231,287,2025,4920,298,4754,1060,734,1304,4146,15933,4398,2518,1854
0500000US51153,"Prince William County, Virginia",200492,1131,18319,7752,2716,22873,7411,4783,10943,38105,35335,11682,8169,31273
0500000US51161,"Roanoke County, Virginia",47309,216,2648,4713,1495,5779,3289,325,5659,4842,11584,2222,2136,2401
0500000US51165,"Rockingham County, Virginia",35659,2134,2833,4941,749,4518,2178,382,1435,2321,8678,2393,1708,1389
0500000US51177,"Spotsylvania County, Virginia",58833,376,4657,2948,993,8436,3051,1018,2945,6859,12185,5390,2666,7309
0500000US51179,"Stafford County, Virginia",61500,338,3800,1889,705,5957,2181,1033,2883,8488,12244,4504,3541,13937
0500000US51199,"York County, Virginia",28788,0,955,2819,775,2658,953,428,1372,3787,7441,2521,1467,3612
0500000US51510,"Alexandria city, Virginia",87060,250,3820,2650,1039,5270,2470,2008,5484,18974,13708,10285,5529,15573
0500000US51550,"Chesapeake city, Virginia",107525,777,7356,7470,3126,12792,5023,2980,6249,12634,24876,9552,4560,10130
0500000US51650,"Hampton city, Virginia",59432,197,3958,7368,1480,6861,1155,871,2765,7722,12814,5001,3302,5938
0500000US51680,"Lynchburg city, Virginia",31344,66,1238,3661,598,4691,717,198,1830,2335,9870,4581,1187,372
0500000US51700,"Newport News city, Virginia",76819,0,3716,10398,1055,10540,2761,1723,3823,7716,16591,7908,2836,7752
0500000US51710,"Norfolk city, Virginia",105268,358,9219,6184,2703,12256,4929,2483,4959,10831,23378,11091,5876,11001
0500000US51740,"Portsmouth city, Virginia",40251,115,2832,3792,616,5138,2253,1040,2067,3875,8189,4610,2397,3327
0500000US51760,"Richmond city, Virginia",94948,81,4814,8574,1768,10149,3831,1845,8484,12753,21583,10724,4378,5964
0500000US51770,"Roanoke city, Virginia",45000,56,3682,4846,1531,5089,2441,787,2425,4983,11469,3347,2223,2121
0500000US51800,"Suffolk city, Virginia",39078,315,3104,4580,712,4855,1894,498,1893,3227,8392,2987,2267,4354
0500000US51810,"Virginia Beach city, Virginia",213470,467,14883,13232,5265,25255,7393,4674,15716,27886,44330,23527,9312,21530
0500000US53005,"Benton County, Washington",81618,4673,6716,6096,2284,9804,5712,1188,3313,14219,15402,4466,3214,4531
0500000US53007,"Chelan County, Washington",31671,3242,1762,1985,1823,3992,1335,584,1257,3230,6635,3419,1573,834
0500000US53009,"Clallam County, Washington",25029,1315,1738,1376,292,2587,1169,514,1460,2096,5645,2653,1844,2340
0500000US53011,"Clark County, Washington",182659,1069,13707,22481,6125,22971,14271,4405,11997,18793,37554,12300,8715,8271
0500000US53015,"Cowlitz County, Washington",38046,1524,2155,6013,790,4595,2457,43,1819,3127,8626,2534,1707,2656
0500000US53021,"Franklin County, Washington",32674,5811,1943,4471,1165,3631,1346,463,1167,2816,5223,2298,1039,1301
0500000US53025,"Grant County, Washington",35473,6732,1346,3814,1182,3634,2426,273,900,2067,7673,2135,1721,1570
0500000US53027,"Grays Harbor County, Washington",26405,1495,741,2608,911,1929,1790,160,1134,1153,5577,3854,1958,3095
0500000US53029,"Island County, Washington",31715,116,2050,3028,121,3553,1462,556,1534,3712,7358,2438,1821,3966
0500000US53033,"King County, Washington",992192,5282,47311,115628,29644,110420,46184,28013,64725,173891,199970,87809,46945,36370
0500000US53035,"Kitsap County, Washington",105492,637,7632,11513,545,12752,4494,2393,5245,10334,23781,9607,5668,10891
0500000US53041,"Lewis County, Washington",28303,1808,3079,3085,443,4472,1855,243,687,1676,5674,2335,1154,1792
0500000US53053,"Pierce County, Washington",344597,1805,26163,32204,11411,45296,18649,6231,19553,29824,78096,31707,18035,25623
0500000US53057,"Skagit County, Washington",49678,1728,3630,6133,1785,7192,1544,795,2345,4185,10137,4081,2592,3531
0500000US53061,"Snohomish County, Washington",341476,3087,25649,52356,9018,41450,12565,10277,20732,34143,68169,28173,18961,16896
0500000US53063,"Spokane County, Washington",210995,1283,11480,17751,8057,27001,10771,3991,13543,20869,57408,18243,10145,10453
0500000US53067,"Thurston County, Washington",110855,2692,7035,5880,2906,10960,4367,1650,4986,9013,23534,7578,6572,23682
0500000US53073,"Whatcom County, Washington",94053,2221,5984,8968,2905,10735,3388,2139,6474,11241,21453,10074,3936,4535
0500000US53077,"Yakima County, Washington",100062,15444,5454,6886,8025,11183,5687,824,3317,5071,22561,7962,3214,4434
0500000US54003,"Berkeley County, West Virginia",46309,48,2722,5549,1116,5793,4318,671,2650,3282,9350,3974,2042,4794
0500000US54011,"Cabell County, West Virginia",41357,498,1917,2773,620,6061,1582,1222,1415,3301,12678,5025,2371,1894
0500000US54033,"Harrison County, West Virginia",27166,1125,1436,1836,684,4399,2647,166,701,1967,7072,2242,1023,1868
0500000US54039,"Kanawha County, West Virginia",88143,2674,4268,4099,3376,11046,4107,2154,4887,7575,22116,9401,4213,8227
0500000US54061,"Monongalia County, West Virginia",47044,1411,2564,3588,672,4713,971,783,2024,4265,17881,5627,1332,1213
0500000US54081,"Raleigh County, West Virginia",29736,3250,1258,740,218,4512,1454,765,631,2193,9067,2077,1377,2194
0500000US54107,"Wood County, West Virginia",36534,402,2676,4108,746,5083,2253,480,1801,3009,8977,3599,1472,1928
0500000US55009,"Brown County, Wisconsin",122441,2037,5223,22287,4038,14015,6789,2847,9320,9228,26028,12902,3302,4425
0500000US55025,"Dane County, Wisconsin",270763,2936,12827,25060,7965,23630,8753,5618,21298,33205,77748,26487,10849,14387
0500000US55027,"Dodge County, Wisconsin",41826,1838,2611,10847,824,5054,1878,1104,1078,2279,8293,2621,1733,1666
0500000US55035,"Eau Claire County, Wisconsin",53415,641,2460,6303,1480,7289,2036,1163,2618,3958,14872,6607,1963,2025
0500000US55039,"Fond du Lac County, Wisconsin",52211,2152,3179,11509,1235,5549,2555,882,2588,2999,11660,3475,2507,1921
0500000US55055,"Jefferson County, Wisconsin",42680,1136,2468,8194,1729,5133,2062,339,1783,3417,8989,3813,1585,2032
0500000US55059,"Kenosha County, Wisconsin",76682,571,4053,13677,2357,10012,4237,1224,3659,6997,17230,6650,2590,3425
0500000US55063,"La Crosse County, Wisconsin",60290,402,2076,8822,1505,9704,2918,925,2848,4258,16705,6211,2052,1864
0500000US55071,"Manitowoc County, Wisconsin",40240,1690,1972,11994,830,3893,1908,287,1653,1928,7524,3571,1442,1548
0500000US55073,"Marathon County, Wisconsin",69887,2335,4126,14917,2447,8415,3762,501,5991,4592,14131,4995,2429,1246
0500000US55079,"Milwaukee County, Wisconsin",432638,2295,14757,62032,11613,45051,19427,9236,28511,46412,117247,41663,18418,15976
0500000US55087,"Outagamie County, Wisconsin",91005,1215,5704,20211,3265,9903,3983,1341,7470,6755,16920,8383,4033,1822
0500000US55089,"Ozaukee County, Wisconsin",44481,395,1920,8457,1449,5217,1294,520,3537,4469,10831,3906,1762,724
0500000US55097,"Portage County, Wisconsin",36587,1567,1556,5312,850,5079,1954,560,3447,2142,7600,3787,1719,1014
0500000US55101,"Racine County, Wisconsin",89471,1277,5010,21080,1916,10877,4399,1051,4207,7594,18218,5729,3567,4546
0500000US55105,"Rock County, Wisconsin",76879,1310,4176,14472,2234,11339,3279,2048,4230,4160,17070,7230,3600,1731
0500000US55109,"St. Croix County, Wisconsin",43907,961,2298,8157,816,4745,2364,448,2995,3249,10622,3347,2020,1885
0500000US55117,"Sheboygan County, Wisconsin",57675,1035,3529,19205,846,5813,1901,372,3160,3264,10584,5034,2112,820
0500000US55127,"Walworth County, Wisconsin",52067,1484,3745,10772,807,7608,2235,848,2318,3037,8034,7844,2053,1282
0500000US55131,"Washington County, Wisconsin",69678,1408,5084,15299,2620,9748,2005,890,4334,6053,13077,4164,3209,1787
0500000US55133,"Waukesha County, Wisconsin",200448,1063,9967,33006,10249,24199,7337,4182,16391,21154,46734,14176,7088,4902
0500000US55139,"Winnebago County, Wisconsin",84739,1448,3332,20073,1349,9768,3758,1315,5504,6537,17432,7927,3907,2389
0500000US55141,"Wood County, Wisconsin",34490,1364,2011,6430,727,3714,1823,602,1117,1841,10055,2239,1556,1011
0500000US56021,"Laramie County, Wyoming",43950,1669,2907,1870,758,4874,2209,942,1385,3218,9765,5302,2311,6740
0500000US56025,"Natrona County, Wyoming",39196,3629,2890,2773,1553,4221,2829,380,1854,2947,9782,3310,1485,1543
0500000US72013,"Arecibo Municipio, Puerto Rico",25718,182,1206,4580,216,3310,516,325,829,2356,5211,2035,799,4153
0500000US72025,"Caguas Municipio, Puerto Rico",51207,40,2844,4782,1891,8442,1461,640,3016,4380,11604,5528,2316,4263
0500000US72031,"Carolina Municipio, Puerto Rico",63640,127,2539,2912,3259,8455,3211,909,4269,7325,11732,7204,4303,7395
0500000US72061,"Guaynabo Municipio, Puerto Rico",40110,262,1881,2375,2911,3954,1417,657,4366,5136,8686,3248,2138,3079
0500000US72113,"Ponce Municipio, Puerto Rico",46525,157,2788,4568,1208,6550,1496,589,1602,4403,10403,5381,2921,4459
0500000US72127,"San Juan Municipio, Puerto Rico",147974,258,8437,5290,5187,16681,5589,2905,10457,20632,33980,14080,11746,12732
0500000US72135,"Toa Alta Municipio, Puerto Rico",26164,237,781,1969,1185,4133,1451,467,1924,2464,4730,2003,1383,3437
0500000US72137,"Toa Baja Municipio, Puerto Rico",34502,0,2471,2347,1834,4688,1859,772,2330,3709,7161,2991,1545,2795
0500000US72139,"Trujillo Alto Municipio, Puerto Rico",27596,0,1691,1586,1044,4168,2005,353,1921,3263,5421,1935,1557,2652
0500000US72097,"Mayagez Municipio, Puerto Rico",22895,322,999,1773,409,2142,635,215,723,1275,7032,3219,2140,2011
0500000US72021,"Bayamn Municipio, Puerto Rico",71470,43,4034,4270,3448,10416,2458,1383,4989,8450,15168,4983,3684,8144
0100000US,United States,139033928,2646975,8686813,14439691,3941066,16203408,6843579,3015521,9275465,14710089,32311107,12859572,6913449,7187193
